,Year,Lag1,Lag2,Lag3,Lag4,Lag5,Volume,Today,Direction
0,1990,0.816,1.5719999999999998,-3.936,-0.2289999999999999,-3.484,0.154976,-0.27,Down
1,1990,-0.27,0.816,1.5719999999999998,-3.936,-0.2289999999999999,0.148574,-2.576,Down
2,1990,-2.576,-0.27,0.816,1.5719999999999998,-3.936,0.1598375,3.514,Up
3,1990,3.514,-2.576,-0.27,0.816,1.5719999999999998,0.16163,0.7120000000000001,Up
4,1990,0.7120000000000001,3.514,-2.576,-0.27,0.816,0.153728,1.178,Up
5,1990,1.178,0.7120000000000001,3.514,-2.576,-0.27,0.154444,-1.372,Down
6,1990,-1.372,1.178,0.7120000000000001,3.514,-2.576,0.151722,0.807,Up
7,1990,0.807,-1.372,1.178,0.7120000000000001,3.514,0.1323099999999999,0.0409999999999999,Up
8,1990,0.0409999999999999,0.807,-1.372,1.178,0.7120000000000001,0.143972,1.253,Up
9,1990,1.253,0.0409999999999999,0.807,-1.372,1.178,0.133635,-2.678,Down
10,1990,-2.678,1.253,0.0409999999999999,0.807,-1.372,0.149024,-1.793,Down
11,1990,-1.793,-2.678,1.253,0.0409999999999999,0.807,0.13579,2.82,Up
12,1990,2.82,-1.793,-2.678,1.253,0.0409999999999999,0.139898,4.022,Up
13,1990,4.022,2.82,-1.793,-2.678,1.253,0.164342,0.75,Up
14,1990,0.75,4.022,2.82,-1.793,-2.678,0.175648,-0.017,Down
15,1990,-0.017,0.75,4.022,2.82,-1.793,0.16347,2.42,Up
16,1990,2.42,-0.017,0.75,4.022,2.82,0.172625,-1.225,Down
17,1990,-1.225,2.42,-0.017,0.75,4.022,0.168446,1.171,Up
18,1990,1.171,-1.225,2.42,-0.017,0.75,0.155292,-2.061,Down
19,1990,-2.061,1.171,-1.225,2.42,-0.017,0.143392,0.7290000000000001,Up
20,1990,0.7290000000000001,-2.061,1.171,-1.225,2.42,0.1405539999999999,0.1119999999999999,Up
21,1990,0.1119999999999999,0.7290000000000001,-2.061,1.171,-1.225,0.125075,2.48,Up
22,1990,2.48,0.1119999999999999,0.7290000000000001,-2.061,1.171,0.171604,-1.5519999999999998,Down
23,1990,-1.5519999999999998,2.48,0.1119999999999999,0.7290000000000001,-2.061,0.166956,-2.259,Down
24,1990,-2.259,-1.5519999999999998,2.48,0.1119999999999999,0.7290000000000001,0.171718,-2.428,Down
25,1990,-2.428,-2.259,-1.5519999999999998,2.48,0.1119999999999999,0.2098159999999999,-2.708,Down
26,1990,-2.708,-2.428,-2.259,-1.5519999999999998,2.48,0.192706,-2.292,Down
27,1990,-2.292,-2.708,-2.428,-2.259,-1.5519999999999998,0.148252,-4.978,Down
28,1990,-4.978,-2.292,-2.708,-2.428,-2.259,0.189858,3.547,Up
29,1990,3.547,-4.978,-2.292,-2.708,-2.428,0.127884,0.26,Up
30,1990,0.26,3.547,-4.978,-2.292,-2.708,0.1157425,-2.032,Down
31,1990,-2.032,0.26,3.547,-4.978,-2.292,0.123924,-1.739,Down
32,1990,-1.739,-2.032,0.26,3.547,-4.978,0.149082,-1.693,Down
33,1990,-1.693,-1.739,-2.032,0.26,3.547,0.1718559999999999,1.781,Up
34,1990,1.781,-1.693,-1.739,-2.032,0.26,0.16497,-3.682,Down
35,1990,-3.682,1.781,-1.693,-1.739,-2.032,0.156454,4.15,Up
36,1990,4.15,-3.682,1.781,-1.693,-1.739,0.18028,-2.487,Down
37,1990,-2.487,4.15,-3.682,1.781,-1.693,0.143978,2.343,Up
38,1990,2.343,-2.487,4.15,-3.682,1.781,0.154292,0.606,Up
39,1990,0.606,2.343,-2.487,4.15,-3.682,0.148006,1.077,Up
40,1990,1.077,0.606,2.343,-2.487,4.15,0.16355,-0.637,Down
41,1990,-0.637,1.077,0.606,2.343,-2.487,0.1265325,2.26,Up
42,1990,2.26,-0.637,1.077,0.606,2.343,0.151578,1.716,Up
43,1990,1.716,2.26,-0.637,1.077,0.606,0.197994,-0.284,Down
44,1990,-0.284,1.716,2.26,-0.637,1.077,0.155874,1.508,Up
45,1990,1.508,-0.284,1.716,2.26,-0.637,0.1767,-0.913,Down
46,1990,-0.913,1.508,-0.284,1.716,2.26,0.087465,-2.349,Down
47,1991,-2.349,-0.913,1.508,-0.284,1.716,0.13067,-1.798,Down
48,1991,-1.798,-2.349,-0.913,1.508,-0.284,0.142532,5.393,Up
49,1991,5.393,-1.798,-2.349,-0.913,1.508,0.182248,1.156,Up
50,1991,1.156,5.393,-1.798,-2.349,-0.913,0.179894,2.077,Up
51,1991,2.077,1.156,5.393,-1.798,-2.349,0.194998,4.751,Up
52,1991,4.751,2.077,1.156,5.393,-1.798,0.259656,2.702,Up
53,1991,2.702,4.751,2.077,1.156,5.393,0.23814,-0.924,Down
54,1991,-0.924,2.702,4.751,2.077,1.156,0.1937775,1.318,Up
55,1991,1.318,-0.924,2.702,4.751,2.077,0.202784,1.209,Up
56,1991,1.209,1.318,-0.924,2.702,4.751,0.223946,-0.363,Down
57,1991,-0.363,1.209,1.318,-0.924,2.702,0.196752,-1.635,Down
58,1991,-1.635,-0.363,1.209,1.318,-0.924,0.17954,2.106,Up
59,1991,2.106,-1.635,-0.363,1.209,1.318,0.176305,0.037,Up
60,1991,0.037,2.106,-1.635,-0.363,1.209,0.186558,1.3430000000000002,Up
61,1991,1.3430000000000002,0.037,2.106,-1.635,-0.363,0.174328,0.999,Up
62,1991,0.999,1.3430000000000002,0.037,2.106,-1.635,0.207228,-1.348,Down
63,1991,-1.348,0.999,1.3430000000000002,0.037,2.106,0.164108,0.47,Up
64,1991,0.47,-1.348,0.999,1.3430000000000002,0.037,0.176646,-1.329,Down
65,1991,-1.329,0.47,-1.348,0.999,1.3430000000000002,0.158566,-0.892,Down
66,1991,-0.892,-1.329,0.47,-1.348,0.999,0.1718579999999999,1.37,Up
67,1991,1.37,-0.892,-1.329,0.47,-1.348,0.148632,3.269,Up
68,1991,3.269,1.37,-0.892,-1.329,0.47,0.20432,-2.668,Down
69,1991,-2.668,3.269,1.37,-0.892,-1.329,0.175766,0.754,Up
70,1991,0.754,-2.668,3.269,1.37,-0.892,0.153814,-1.188,Down
71,1991,-1.188,0.754,-2.668,3.269,1.37,0.160632,-1.745,Down
72,1991,-1.745,-1.188,0.754,-2.668,3.269,0.1615339999999999,0.787,Up
73,1991,0.787,-1.745,-1.188,0.754,-2.668,0.133815,1.649,Up
74,1991,1.649,0.787,-1.745,-1.188,0.754,0.160228,1.044,Up
75,1991,1.044,1.649,0.787,-1.745,-1.188,0.186366,-0.856,Down
76,1991,-0.856,1.044,1.649,0.787,-1.745,0.1483,1.641,Up
77,1991,1.641,-0.856,1.044,1.649,0.787,0.160944,-0.015,Down
78,1991,-0.015,1.641,-0.856,1.044,1.649,0.156472,-0.3979999999999999,Down
79,1991,-0.3979999999999999,-0.015,1.641,-0.856,1.044,0.16932,2.228,Up
80,1991,2.228,-0.3979999999999999,-0.015,1.641,-0.856,0.201852,0.32,Up
81,1991,0.32,2.228,-0.3979999999999999,-0.015,1.641,0.148544,-1.601,Down
82,1991,-1.601,0.32,2.228,-0.3979999999999999,-0.015,0.160015,-1.416,Down
83,1991,-1.416,-1.601,0.32,2.228,-0.3979999999999999,0.147308,1.129,Up
84,1991,1.129,-1.416,-1.601,0.32,2.228,0.189554,-0.521,Down
85,1991,-0.521,1.129,-1.416,-1.601,0.32,0.157968,-1.205,Down
86,1991,-1.205,-0.521,1.129,-1.416,-1.601,0.163018,0.052,Up
87,1991,0.052,-1.205,-0.521,1.129,-1.416,0.16507,2.897,Up
88,1991,2.897,0.052,-1.205,-0.521,1.129,0.195832,-2.115,Down
89,1991,-2.115,2.897,0.052,-1.205,-0.521,0.176008,1.853,Up
90,1991,1.853,-2.115,2.897,0.052,-1.205,0.18706,0.401,Up
91,1991,0.401,1.853,-2.115,2.897,0.052,0.176786,-2.614,Down
92,1991,-2.614,0.401,1.853,-2.115,2.897,0.190346,-1.694,Down
93,1991,-1.694,-2.614,0.401,1.853,-2.115,0.21239,-0.245,Down
94,1991,-0.245,-1.694,-2.614,0.401,1.853,0.1585575,1.034,Up
95,1991,1.034,-0.245,-1.694,-2.614,0.401,0.185822,1.4169999999999998,Up
96,1991,1.4169999999999998,1.034,-0.245,-1.694,-2.614,0.1925059999999999,0.6679999999999999,Up
97,1991,0.6679999999999999,1.4169999999999998,1.034,-0.245,-1.694,0.214454,5.018,Up
98,1991,5.018,0.6679999999999999,1.4169999999999998,1.034,-0.245,0.17468,3.169,Up
99,1992,3.169,5.018,0.6679999999999999,1.4169999999999998,1.034,0.23113,-1.011,Down
100,1992,-1.011,3.169,5.018,0.6679999999999999,1.4169999999999998,0.264644,0.906,Up
101,1992,0.906,-1.011,3.169,5.018,0.6679999999999999,0.280922,-0.807,Down
102,1992,-0.807,0.906,-1.011,3.169,5.018,0.2152,-1.6130000000000002,Down
103,1992,-1.6130000000000002,-0.807,0.906,-1.011,3.169,0.2101219999999999,0.565,Up
104,1992,0.565,-1.6130000000000002,-0.807,0.906,-1.011,0.2309159999999999,0.3379999999999999,Up
105,1992,0.3379999999999999,0.565,-1.6130000000000002,-0.807,0.906,0.213328,-0.255,Down
106,1992,-0.255,0.3379999999999999,0.565,-1.6130000000000002,-0.807,0.2498925,0.309,Up
107,1992,0.309,-0.255,0.3379999999999999,0.565,-1.6130000000000002,0.209364,-2.001,Down
108,1992,-2.001,0.309,-0.255,0.3379999999999999,0.565,0.195818,0.346,Up
109,1992,0.346,-2.001,0.309,-0.255,0.3379999999999999,0.181638,1.345,Up
110,1992,1.345,0.346,-2.001,0.309,-0.255,0.195688,-1.896,Down
111,1992,-1.896,1.345,0.346,-2.001,0.309,0.176834,-0.483,Down
112,1992,-0.483,-1.896,1.345,0.346,-2.001,0.175334,0.682,Up
113,1992,0.682,-0.483,-1.896,1.345,0.346,0.2130719999999999,2.906,Up
114,1992,2.906,0.682,-0.483,-1.896,1.345,0.2093025,-1.6869999999999998,Down
115,1992,-1.6869999999999998,2.906,0.682,-0.483,-1.896,0.212092,0.858,Up
116,1992,0.858,-1.6869999999999998,2.906,0.682,-0.483,0.193976,0.853,Up
117,1992,0.853,0.858,-1.6869999999999998,2.906,0.682,0.182548,-1.433,Down
118,1992,-1.433,0.853,0.858,-1.6869999999999998,2.906,0.181268,0.958,Up
119,1992,0.958,-1.433,0.853,0.858,-1.6869999999999998,0.173652,0.321,Up
120,1992,0.321,0.958,-1.433,0.853,0.858,0.1948125,-0.45,Down
121,1992,-0.45,0.321,0.958,-1.433,0.853,0.200526,-0.9,Down
122,1992,-0.9,-0.45,0.321,0.958,-1.433,0.18996,-1.486,Down
123,1992,-1.486,-0.9,-0.45,0.321,0.958,0.20906,-0.054,Down
124,1992,-0.054,-1.486,-0.9,-0.45,0.321,0.177964,2.062,Up
125,1992,2.062,-0.054,-1.486,-0.9,-0.45,0.2016825,0.6920000000000001,Up
126,1992,0.6920000000000001,2.062,-0.054,-1.486,-0.9,0.19735,0.241,Up
127,1992,0.241,0.6920000000000001,2.062,-0.054,-1.486,0.190004,-0.967,Down
128,1992,-0.967,0.241,0.6920000000000001,2.062,-0.054,0.173812,3.064,Up
129,1992,3.064,-0.967,0.241,0.6920000000000001,2.062,0.204988,-1.256,Down
130,1992,-1.256,3.064,-0.967,0.241,0.6920000000000001,0.17515,0.246,Up
131,1992,0.246,-1.256,3.064,-0.967,0.241,0.1691099999999999,-1.205,Down
132,1992,-1.205,0.246,-1.256,3.064,-0.967,0.179974,-0.002,Down
133,1992,-0.002,-1.205,0.246,-1.256,3.064,0.174234,0.54,Up
134,1992,0.54,-0.002,-1.205,0.246,-1.256,0.171704,0.599,Up
135,1992,0.599,0.54,-0.002,-1.205,0.246,0.1856975,0.7979999999999999,Up
136,1992,0.7979999999999999,0.599,0.54,-0.002,-1.205,0.223992,-2.029,Down
137,1992,-2.029,0.7979999999999999,0.599,0.54,-0.002,0.190016,-0.936,Down
138,1992,-0.936,-2.029,0.7979999999999999,0.599,0.54,0.181358,-1.903,Down
139,1992,-1.903,-0.936,-2.029,0.7979999999999999,0.599,0.2116739999999999,2.253,Up
140,1992,2.253,-1.903,-0.936,-2.029,0.7979999999999999,0.187746,0.5760000000000001,Up
141,1992,0.5760000000000001,2.253,-1.903,-0.936,-2.029,0.222984,1.106,Up
142,1992,1.106,0.5760000000000001,2.253,-1.903,-0.936,0.200436,-0.263,Down
143,1992,-0.263,1.106,0.5760000000000001,2.253,-1.903,0.2061719999999999,1.161,Up
144,1992,1.161,-0.263,1.106,0.5760000000000001,2.253,0.21669,0.999,Up
145,1992,0.999,1.161,-0.263,1.106,0.5760000000000001,0.211304,0.823,Up
146,1992,0.823,0.999,1.161,-0.263,1.106,0.1869475,0.442,Up
147,1992,0.442,0.823,0.999,1.161,-0.263,0.241844,0.387,Up
148,1992,0.387,0.442,0.823,0.999,1.161,0.217448,1.741,Up
149,1992,1.741,0.387,0.442,0.823,0.999,0.259576,-0.342,Down
150,1992,-0.342,1.741,0.387,0.442,0.823,0.2011224999999999,-0.923,Down
151,1993,-0.923,-0.342,1.741,0.387,0.442,0.1768674999999999,-1.529,Down
152,1993,-1.529,-0.923,-0.342,1.741,0.387,0.261024,1.888,Up
153,1993,1.888,-1.529,-0.923,-0.342,1.741,0.258536,-0.238,Down
154,1993,-0.238,1.888,-1.529,-0.923,-0.342,0.2598,0.612,Up
155,1993,0.612,-0.238,1.888,-1.529,-0.923,0.27681,2.313,Up
156,1993,2.313,0.612,-0.238,1.888,-1.529,0.306278,-0.969,Down
157,1993,-0.969,2.313,0.612,-0.238,1.888,0.241944,-2.33,Down
158,1993,-2.33,-0.969,2.313,0.612,-0.238,0.314235,2.11,Up
159,1993,2.11,-2.33,-0.969,2.313,0.612,0.28888,0.616,Up
160,1993,0.616,2.11,-2.33,-0.969,2.313,0.253458,0.8340000000000001,Up
161,1993,0.8340000000000001,0.616,2.11,-2.33,-0.969,0.26681,0.078,Up
162,1993,0.078,0.8340000000000001,0.616,2.11,-2.33,0.2473719999999999,-0.5329999999999999,Down
163,1993,-0.5329999999999999,0.078,0.8340000000000001,0.616,2.11,0.24368,-1.4269999999999998,Down
164,1993,-1.4269999999999998,-0.5329999999999999,0.078,0.8340000000000001,0.616,0.253642,0.102,Up
165,1993,0.102,-1.4269999999999998,-0.5329999999999999,0.078,0.8340000000000001,0.2935325,1.607,Up
166,1993,1.607,0.102,-1.4269999999999998,-0.5329999999999999,0.078,0.273676,-2.653,Down
167,1993,-2.653,1.607,0.102,-1.4269999999999998,-0.5329999999999999,0.28404,0.723,Up
168,1993,0.723,-2.653,1.607,0.102,-1.4269999999999998,0.26652,0.482,Up
169,1993,0.482,0.723,-2.653,1.607,0.102,0.24931,-0.622,Down
170,1993,-0.622,0.482,0.723,-2.653,1.607,0.251314,1.429,Up
171,1993,1.429,-0.622,0.482,0.723,-2.653,0.280516,0.976,Up
172,1993,0.976,1.429,-0.622,0.482,0.723,0.240588,-0.0289999999999999,Down
173,1993,-0.0289999999999999,0.976,1.429,-0.622,0.482,0.259315,-0.622,Down
174,1993,-0.622,-0.0289999999999999,0.976,1.429,-0.622,0.243188,-0.8,Down
175,1993,-0.8,-0.622,-0.0289999999999999,0.976,1.429,0.250472,0.884,Up
176,1993,0.884,-0.8,-0.622,-0.0289999999999999,0.976,0.247864,-0.3929999999999999,Down
177,1993,-0.3929999999999999,0.884,-0.8,-0.622,-0.0289999999999999,0.262462,0.509,Up
178,1993,0.509,-0.3929999999999999,0.884,-0.8,-0.622,0.251525,-0.527,Down
179,1993,-0.527,0.509,-0.3929999999999999,0.884,-0.8,0.255474,0.303,Up
180,1993,0.303,-0.527,0.509,-0.3929999999999999,0.884,0.248836,0.23,Up
181,1993,0.23,0.303,-0.527,0.509,-0.3929999999999999,0.253618,0.123,Up
182,1993,0.123,0.23,0.303,-0.527,0.509,0.2393199999999999,0.325,Up
183,1993,0.325,0.123,0.23,0.303,-0.527,0.2499,1.337,Up
184,1993,1.337,0.325,0.123,0.23,0.303,0.275606,0.96,Up
185,1993,0.96,1.337,0.325,0.123,0.23,0.2470119999999999,0.174,Up
186,1993,0.174,0.96,1.337,0.325,0.123,0.229816,0.0819999999999999,Up
187,1993,0.0819999999999999,0.174,0.96,1.337,0.325,0.260155,-0.626,Down
188,1993,-0.626,0.0819999999999999,0.174,0.96,1.337,0.2818199999999999,-0.262,Down
189,1993,-0.262,-0.626,0.0819999999999999,0.174,0.96,0.270804,0.7979999999999999,Up
190,1993,0.7979999999999999,-0.262,-0.626,0.0819999999999999,0.174,0.260758,-0.21,Down
191,1993,-0.21,0.7979999999999999,-0.262,-0.626,0.0819999999999999,0.259966,1.996,Up
192,1993,1.996,-0.21,0.7979999999999999,-0.262,-0.626,0.2913199999999999,-1.327,Down
193,1993,-1.327,1.996,-0.21,0.7979999999999999,-0.262,0.306138,0.984,Up
194,1993,0.984,-1.327,1.996,-0.21,0.7979999999999999,0.279292,-1.766,Down
195,1993,-1.766,0.984,-1.327,1.996,-0.21,0.312648,1.266,Up
196,1993,1.266,-1.766,0.984,-1.327,1.996,0.280842,-0.599,Down
197,1993,-0.599,1.266,-1.766,0.984,-1.327,0.297682,0.099,Up
198,1993,0.099,-0.599,1.266,-1.766,0.984,0.2153449999999999,0.395,Up
199,1993,0.395,0.099,-0.599,1.266,-1.766,0.275594,-0.207,Down
200,1993,-0.207,0.395,0.099,-0.599,1.266,0.285142,0.528,Up
201,1993,0.528,-0.207,0.395,0.099,-0.599,0.302354,0.214,Up
202,1993,0.214,0.528,-0.207,0.395,0.099,0.2572375,-0.1989999999999999,Down
203,1994,-0.1989999999999999,0.214,0.528,-0.207,0.395,0.201236,0.74,Up
204,1994,0.74,-0.1989999999999999,0.214,0.528,-0.207,0.33753,1.0659999999999998,Up
205,1994,1.0659999999999998,0.74,-0.1989999999999999,0.214,0.528,0.303712,-0.04,Down
206,1994,-0.04,1.0659999999999998,0.74,-0.1989999999999999,0.214,0.302198,0.838,Up
207,1994,0.838,-0.04,1.0659999999999998,0.74,-0.1989999999999999,0.3174639999999999,-1.857,Down
208,1994,-1.857,0.838,-0.04,1.0659999999999998,0.74,0.334214,0.079,Up
209,1994,0.079,-1.857,0.838,-0.04,1.0659999999999998,0.3080219999999999,-0.53,Down
210,1994,-0.53,0.079,-1.857,0.838,-0.04,0.299734,-0.346,Down
211,1994,-0.346,-0.53,0.079,-1.857,0.838,0.2993575,-0.285,Down
212,1994,-0.285,-0.346,-0.53,0.079,-1.857,0.307582,0.366,Up
213,1994,0.366,-0.285,-0.346,-0.53,0.079,0.313354,0.99,Up
214,1994,0.99,0.366,-0.285,-0.346,-0.53,0.327542,-2.225,Down
215,1994,-2.225,0.99,0.366,-0.285,-0.346,0.2729,-3.216,Down
216,1994,-3.216,-2.225,0.99,0.366,-0.285,0.3467025,0.298,Up
217,1994,0.298,-3.216,-2.225,0.99,0.366,0.31315,-0.206,Down
218,1994,-0.206,0.298,-3.216,-2.225,0.99,0.272776,0.325,Up
219,1994,0.325,-0.206,0.298,-3.216,-2.225,0.327154,0.733,Up
220,1994,0.733,0.325,-0.206,0.298,-3.216,0.2924025,-0.685,Down
221,1994,-0.685,0.733,0.325,-0.206,0.298,0.279988,-0.8220000000000001,Down
222,1994,-0.8220000000000001,-0.685,0.733,0.325,-0.206,0.270154,2.427,Up
223,1994,2.427,-0.8220000000000001,-0.685,0.733,0.325,0.296502,0.53,Up
224,1994,0.53,2.427,-0.8220000000000001,-0.685,0.733,0.2452099999999999,0.612,Up
225,1994,0.612,0.53,2.427,-0.8220000000000001,-0.685,0.2599324999999999,-0.317,Down
226,1994,-0.317,0.612,0.53,2.427,-0.8220000000000001,0.245022,-0.048,Down
227,1994,-0.048,-0.317,0.612,0.53,2.427,0.286354,-3.414,Down
228,1994,-3.414,-0.048,-0.317,0.612,0.53,0.25942,0.768,Up
229,1994,0.768,-3.414,-0.048,-0.317,0.612,0.254938,0.7509999999999999,Up
230,1994,0.7509999999999999,0.768,-3.414,-0.048,-0.317,0.231975,1.025,Up
231,1994,1.025,0.7509999999999999,0.768,-3.414,-0.048,0.26785,-0.231,Down
232,1994,-0.231,1.025,0.7509999999999999,0.768,-3.414,0.26011,1.137,Up
233,1994,1.137,-0.231,1.025,0.7509999999999999,0.768,0.2426739999999999,-0.255,Down
234,1994,-0.255,1.137,-0.231,1.025,0.7509999999999999,0.271236,1.061,Up
235,1994,1.061,-0.255,1.137,-0.231,1.025,0.256258,0.377,Up
236,1994,0.377,1.061,-0.255,1.137,-0.231,0.280612,2.1830000000000003,Up
237,1994,2.1830000000000003,0.377,1.061,-0.255,1.137,0.288594,-0.593,Down
238,1994,-0.593,2.1830000000000003,0.377,1.061,-0.255,0.282846,-0.597,Down
239,1994,-0.597,-0.593,2.1830000000000003,0.377,1.061,0.2695925,0.643,Up
240,1994,0.643,-0.597,-0.593,2.1830000000000003,0.377,0.30564,-2.445,Down
241,1994,-2.445,0.643,-0.597,-0.593,2.1830000000000003,0.312052,0.6609999999999999,Up
242,1994,0.6609999999999999,-2.445,0.643,-0.597,-0.593,0.297412,-1.645,Down
243,1994,-1.645,0.6609999999999999,-2.445,0.643,-0.597,0.302254,3.076,Up
244,1994,3.076,-1.645,0.6609999999999999,-2.445,0.643,0.285574,-0.897,Down
245,1994,-0.897,3.076,-1.645,0.6609999999999999,-2.445,0.292404,1.91,Up
246,1994,1.91,-0.897,3.076,-1.645,0.6609999999999999,0.328144,-2.425,Down
247,1994,-2.425,1.91,-0.897,3.076,-1.645,0.3029699999999999,0.015,Up
248,1994,0.015,-2.425,1.91,-0.897,3.076,0.277076,-0.19,Down
249,1994,-0.19,0.015,-2.425,1.91,-0.897,0.314746,-1.989,Down
250,1994,-1.989,-0.19,0.015,-2.425,1.91,0.3073375,0.223,Up
251,1994,0.223,-1.989,-0.19,0.015,-2.425,0.284284,-1.399,Down
252,1994,-1.399,0.223,-1.989,-0.19,0.015,0.307928,2.649,Up
253,1994,2.649,-1.399,0.223,-1.989,-0.19,0.352498,0.2239999999999999,Up
254,1994,0.2239999999999999,2.649,-1.399,0.223,-1.989,0.302876,-0.122,Down
255,1995,-0.122,0.2239999999999999,2.649,-1.399,0.223,0.2410875,0.307,Up
256,1995,0.307,-0.122,0.2239999999999999,2.649,-1.399,0.29977,1.148,Up
257,1995,1.148,0.307,-0.122,0.2239999999999999,2.649,0.325466,-0.255,Down
258,1995,-0.255,1.148,0.307,-0.122,0.2239999999999999,0.33348,1.207,Up
259,1995,1.207,-0.255,1.148,0.307,-0.122,0.3256219999999999,1.756,Up
260,1995,1.756,1.207,-0.255,1.148,0.307,0.377712,0.5870000000000001,Up
261,1995,0.5870000000000001,1.756,1.207,-0.255,1.148,0.315984,0.106,Up
262,1995,0.106,0.5870000000000001,1.756,1.207,-0.255,0.328798,1.274,Up
263,1995,1.274,0.106,0.5870000000000001,1.756,1.207,0.33619,-0.551,Down
264,1995,-0.551,1.274,0.106,0.5870000000000001,1.756,0.325296,0.855,Up
265,1995,0.855,-0.551,1.274,0.106,0.5870000000000001,0.341292,1.215,Up
266,1995,1.215,0.855,-0.551,1.274,0.106,0.337006,1.1,Up
267,1995,1.1,1.215,0.855,-0.551,1.274,0.3317739999999999,-0.052,Down
268,1995,-0.052,1.1,1.215,0.855,-0.551,0.3437139999999999,1.14,Up
269,1995,1.14,-0.052,1.1,1.215,0.855,0.31548,0.555,Up
270,1995,0.555,1.14,-0.052,1.1,1.215,0.300275,-0.145,Down
271,1995,-0.145,0.555,1.14,-0.052,1.1,0.365672,1.223,Up
272,1995,1.223,-0.145,0.555,1.14,-0.052,0.340034,1.051,Up
273,1995,1.051,1.223,-0.145,0.555,1.14,0.353826,1.044,Up
274,1995,1.044,1.051,1.223,-0.145,0.555,0.3472,-1.21,Down
275,1995,-1.21,1.044,1.051,1.223,-0.145,0.347252,0.8590000000000001,Up
276,1995,0.8590000000000001,-1.21,1.044,1.051,1.223,0.33462,1.692,Up
277,1995,1.692,0.8590000000000001,-1.21,1.044,1.051,0.33828,-0.858,Down
278,1995,-0.858,1.692,0.8590000000000001,-1.21,1.044,0.32465,2.252,Up
279,1995,2.252,-0.858,1.692,0.8590000000000001,-1.21,0.347558,1.83,Up
280,1995,1.83,2.252,-0.858,1.692,0.8590000000000001,0.369246,-0.902,Down
281,1995,-0.902,1.83,2.252,-0.858,1.692,0.327292,2.133,Up
282,1995,2.133,-0.902,1.83,2.252,-0.858,0.3406975,0.633,Up
283,1995,0.633,2.133,-0.902,1.83,2.252,0.380652,-1.12,Down
284,1995,-1.12,0.633,2.133,-0.902,1.83,0.399966,1.682,Up
285,1995,1.682,-1.12,0.633,2.133,-0.902,0.350026,-0.7090000000000001,Down
286,1995,-0.7090000000000001,1.682,-1.12,0.633,2.133,0.333268,-0.685,Down
287,1995,-0.685,-0.7090000000000001,1.682,-1.12,0.633,0.2922079999999999,0.7390000000000001,Up
288,1995,0.7390000000000001,-0.685,-0.7090000000000001,1.682,-1.12,0.332022,0.159,Up
289,1995,0.159,0.7390000000000001,-0.685,-0.7090000000000001,1.682,0.288234,0.6679999999999999,Up
290,1995,0.6679999999999999,0.159,0.7390000000000001,-0.685,-0.7090000000000001,0.293328,1.568,Up
291,1995,1.568,0.6679999999999999,0.159,0.7390000000000001,-0.685,0.3354675,1.863,Up
292,1995,1.863,1.568,0.6679999999999999,0.159,0.7390000000000001,0.373602,-0.278,Down
293,1995,-0.278,1.863,1.568,0.6679999999999999,0.159,0.36704,0.461,Up
294,1995,0.461,-0.278,1.863,1.568,0.6679999999999999,0.350204,-0.3289999999999999,Down
295,1995,-0.3289999999999999,0.461,-0.278,1.863,1.568,0.342294,0.345,Up
296,1995,0.345,-0.3289999999999999,0.461,-0.278,1.863,0.349502,0.506,Up
297,1995,0.506,0.345,-0.3289999999999999,0.461,-0.278,0.372876,-1.321,Down
298,1995,-1.321,0.506,0.345,-0.3289999999999999,0.461,0.404682,1.875,Up
299,1995,1.875,-1.321,0.506,0.345,-0.3289999999999999,0.364042,0.364,Up
300,1995,0.364,1.875,-1.321,0.506,0.345,0.342602,1.24,Up
301,1995,1.24,0.364,1.875,-1.321,0.506,0.377368,-0.017,Down
302,1995,-0.017,1.24,0.364,1.875,-1.321,0.31808,1.168,Up
303,1995,1.168,-0.017,1.24,0.364,1.875,0.399926,1.73,Up
304,1995,1.73,1.168,-0.017,1.24,0.364,0.393556,-0.185,Down
305,1995,-0.185,1.73,1.168,-0.017,1.24,0.441864,-0.7120000000000001,Down
306,1995,-0.7120000000000001,-0.185,1.73,1.168,-0.017,0.409528,0.65,Up
307,1996,0.65,-0.7120000000000001,-0.185,1.73,1.168,0.2698725,0.127,Up
308,1996,0.127,0.65,-0.7120000000000001,-0.185,1.73,0.445705,-2.416,Down
309,1996,-2.416,0.127,0.65,-0.7120000000000001,-0.185,0.367358,1.665,Up
310,1996,1.665,-2.416,0.127,0.65,-0.7120000000000001,0.42765,1.6,Up
311,1996,1.6,1.665,-2.416,0.127,0.65,0.42606,2.2880000000000003,Up
312,1996,2.2880000000000003,1.6,1.665,-2.416,0.127,0.436268,3.229,Up
313,1996,3.229,2.2880000000000003,1.6,1.665,-2.416,0.451808,-1.278,Down
314,1996,-1.278,3.229,2.2880000000000003,1.6,1.665,0.424422,1.713,Up
315,1996,1.713,-1.278,3.229,2.2880000000000003,1.6,0.4389325,-2.232,Down
316,1996,-2.232,1.713,-1.278,3.229,2.2880000000000003,0.440622,-1.6869999999999998,Down
317,1996,-1.6869999999999998,-2.232,1.713,-1.278,3.229,0.452706,1.252,Up
318,1996,1.252,-1.6869999999999998,-2.232,1.713,-1.278,0.468022,1.433,Up
319,1996,1.433,1.252,-1.6869999999999998,-2.232,1.713,0.39635,-0.787,Down
320,1996,-0.787,1.433,1.252,-1.6869999999999998,-2.232,0.385466,1.605,Up
321,1996,1.605,-0.787,1.433,1.252,-1.6869999999999998,0.3921949999999999,-2.92,Down
322,1996,-2.92,1.605,-0.787,1.433,1.252,0.449346,1.3130000000000002,Up
323,1996,1.3130000000000002,-2.92,1.605,-0.787,1.433,0.4231439999999999,1.301,Up
324,1996,1.301,1.3130000000000002,-2.92,1.605,-0.787,0.4413859999999999,-1.81,Down
325,1996,-1.81,1.301,1.3130000000000002,-2.92,1.605,0.403802,1.63,Up
326,1996,1.63,-1.81,1.301,1.3130000000000002,-2.92,0.422946,2.579,Up
327,1996,2.579,1.63,-1.81,1.301,1.3130000000000002,0.424724,1.435,Up
328,1996,1.435,2.579,1.63,-1.81,1.301,0.395856,-1.384,Down
329,1996,-1.384,1.435,2.579,1.63,-1.81,0.35548,0.626,Up
330,1996,0.626,-1.384,1.435,2.579,1.63,0.3995039999999999,-1.108,Down
331,1996,-1.108,0.626,-1.384,1.435,2.579,0.385662,0.149,Up
332,1996,0.149,-1.108,0.626,-1.384,1.435,0.403342,0.568,Up
333,1996,0.568,0.149,-1.108,0.626,-1.384,0.39766,-1.967,Down
334,1996,-1.967,0.568,0.149,-1.108,0.626,0.31287,-1.711,Down
335,1996,-1.711,-1.967,0.568,0.149,-1.108,0.4212579999999999,-1.154,Down
336,1996,-1.154,-1.711,-1.967,0.568,0.149,0.499672,-0.4429999999999999,Down
337,1996,-0.4429999999999999,-1.154,-1.711,-1.967,0.568,0.393504,4.181,Up
338,1996,4.181,-0.4429999999999999,-1.154,-1.711,-1.967,0.38148,-0.059,Down
339,1996,-0.059,4.181,-0.4429999999999999,-1.154,-1.711,0.342144,0.47,Up
340,1996,0.47,-0.059,4.181,-0.4429999999999999,-1.154,0.33594,0.2739999999999999,Up
341,1996,0.2739999999999999,0.47,-0.059,4.181,-0.4429999999999999,0.328164,-2.255,Down
342,1996,-2.255,0.2739999999999999,0.47,-0.059,4.181,0.293578,0.5660000000000001,Up
343,1996,0.5660000000000001,-2.255,0.2739999999999999,0.47,-0.059,0.3517925,3.791,Up
344,1996,3.791,0.5660000000000001,-2.255,0.2739999999999999,0.47,0.38971,0.954,Up
345,1996,0.954,3.791,0.5660000000000001,-2.255,0.2739999999999999,0.438906,-0.122,Down
346,1996,-0.122,0.954,3.791,0.5660000000000001,-2.255,0.42505,2.225,Up
347,1996,2.225,-0.122,0.954,3.791,0.5660000000000001,0.420138,-0.114,Down
348,1996,-0.114,2.225,-0.122,0.954,3.791,0.403054,1.45,Up
349,1996,1.45,-0.114,2.225,-0.122,0.954,0.434792,-1.393,Down
350,1996,-1.393,1.45,-0.114,2.225,-0.122,0.41084,0.407,Up
351,1996,0.407,-1.393,1.45,-0.114,2.225,0.442726,3.844,Up
352,1996,3.844,0.407,-1.393,1.45,-0.114,0.45998,0.93,Up
353,1996,0.93,3.844,0.407,-1.393,1.45,0.4529979999999999,1.506,Up
354,1996,1.506,0.93,3.844,0.407,-1.393,0.4676079999999999,1.107,Up
355,1996,1.107,1.506,0.93,3.844,0.407,0.3488525,-2.301,Down
356,1996,-2.301,1.107,1.506,0.93,3.844,0.4822979999999999,-1.482,Down
357,1996,-1.482,-2.301,1.107,1.506,0.93,0.454672,2.776,Up
358,1996,2.776,-1.482,-2.301,1.107,1.506,0.529728,1.058,Up
359,1996,1.058,2.776,-1.482,-2.301,1.107,0.254215,-1.158,Down
360,1997,-1.158,1.058,2.776,-1.482,-2.301,0.413755,1.533,Up
361,1997,1.533,-1.158,1.058,2.776,-1.482,0.54566,2.195,Up
362,1997,2.195,1.533,-1.158,1.058,2.776,0.514784,-0.728,Down
363,1997,-0.728,2.195,1.533,-1.158,1.058,0.5657939999999999,2.03,Up
364,1997,2.03,-0.728,2.195,1.533,-1.158,0.517688,0.432,Up
365,1997,0.432,2.03,-0.728,2.195,1.533,0.5222439999999999,2.396,Up
366,1997,2.396,0.432,2.03,-0.728,2.195,0.520764,-0.83,Down
367,1997,-0.83,2.396,0.432,2.03,-0.728,0.4910325,-1.366,Down
368,1997,-1.366,-0.83,2.396,0.432,2.03,0.507352,1.789,Up
369,1997,1.789,-1.366,-0.83,2.396,0.432,0.511238,-1.466,Down
370,1997,-1.466,1.789,-1.366,-0.83,2.396,0.490266,-1.144,Down
371,1997,-1.144,-1.466,1.789,-1.366,-0.83,0.526882,-1.3030000000000002,Down
372,1997,-1.3030000000000002,-1.144,-1.466,1.789,-1.366,0.4807375,-2.065,Down
373,1997,-2.065,-1.3030000000000002,-1.144,-1.466,1.789,0.51849,-2.672,Down
374,1997,-2.672,-2.065,-1.3030000000000002,-1.144,-1.466,0.44445,3.889,Up
375,1997,3.889,-2.672,-2.065,-1.3030000000000002,-1.144,0.477138,-0.127,Down
376,1997,-0.127,3.889,-2.672,-2.065,-1.3030000000000002,0.4604279999999999,6.218999999999999,Up
377,1997,6.218999999999999,-0.127,3.889,-2.672,-2.065,0.493676,1.453,Up
378,1997,1.453,6.218999999999999,-0.127,3.889,-2.672,0.528696,0.603,Up
379,1997,0.603,1.453,6.218999999999999,-0.127,3.889,0.479808,2.083,Up
380,1997,2.083,0.603,1.453,6.218999999999999,-0.127,0.436138,0.148,Up
381,1997,0.148,2.083,0.603,1.453,6.218999999999999,0.4808225,1.147,Up
382,1997,1.147,0.148,2.083,0.603,1.453,0.4742619999999999,4.11,Up
383,1997,4.11,1.147,0.148,2.083,0.603,0.535014,0.608,Up
384,1997,0.608,4.11,1.147,0.148,2.083,0.527816,-1.268,Down
385,1997,-1.268,0.608,4.11,1.147,0.148,0.5221899999999999,3.338,Up
386,1997,3.338,-1.268,0.608,4.11,1.147,0.501845,-0.026,Down
387,1997,-0.026,3.338,-1.268,0.608,4.11,0.537058,-0.151,Down
388,1997,-0.151,-0.026,3.338,-1.268,0.608,0.590136,2.5660000000000003,Up
389,1997,2.5660000000000003,-0.151,-0.026,3.338,-1.268,0.54971,0.889,Up
390,1997,0.889,2.5660000000000003,-0.151,-0.026,3.338,0.528302,-1.436,Down
391,1997,-1.436,0.889,2.5660000000000003,-0.151,-0.026,0.537272,-3.506,Down
392,1997,-3.506,-1.436,0.889,2.5660000000000003,-0.151,0.5270279999999999,2.523,Up
393,1997,2.523,-3.506,-1.436,0.889,2.5660000000000003,0.508078,-2.6060000000000003,Down
394,1997,-2.6060000000000003,2.523,-3.506,-1.436,0.889,0.446092,3.289,Up
395,1997,3.289,-2.6060000000000003,2.523,-3.506,-1.436,0.5341600000000001,-0.5529999999999999,Down
396,1997,-0.5529999999999999,3.289,-2.6060000000000003,2.523,-3.506,0.521084,2.879,Up
397,1997,2.879,-0.5529999999999999,3.289,-2.6060000000000003,2.523,0.578566,-0.557,Down
398,1997,-0.557,2.879,-0.5529999999999999,3.289,-2.6060000000000003,0.536702,2.096,Up
399,1997,2.096,-0.557,2.879,-0.5529999999999999,3.289,0.5522779999999999,0.2019999999999999,Up
400,1997,0.2019999999999999,2.096,-0.557,2.879,-0.5529999999999999,0.534644,-2.36,Down
401,1997,-2.36,0.2019999999999999,2.096,-0.557,2.879,0.518486,-0.267,Down
402,1997,-0.267,-2.36,0.2019999999999999,2.096,-0.557,0.606116,-2.869,Down
403,1997,-2.869,-0.267,-2.36,0.2019999999999999,2.096,0.804848,1.409,Up
404,1997,1.409,-2.869,-0.267,-2.36,0.2019999999999999,0.552976,0.091,Up
405,1997,0.091,1.409,-2.869,-0.267,-2.36,0.554972,3.742,Up
406,1997,3.742,0.091,1.409,-2.869,-0.267,0.57085,-0.7979999999999999,Down
407,1997,-0.7979999999999999,3.742,0.091,1.409,-2.869,0.4449074999999999,2.972,Up
408,1997,2.972,-0.7979999999999999,3.742,0.091,1.409,0.597618,-3.09,Down
409,1997,-3.09,2.972,-0.7979999999999999,3.742,0.091,0.568558,-0.693,Down
410,1997,-0.693,-3.09,2.972,-0.7979999999999999,3.742,0.650288,-1.09,Down
411,1997,-1.09,-0.693,-3.09,2.972,-0.7979999999999999,0.366655,4.12,Up
412,1998,4.12,-1.09,-0.693,-3.09,2.972,0.4441675,-4.856,Down
413,1998,-4.856,4.12,-1.09,-0.693,-3.09,0.6624760000000001,3.646,Up
414,1998,3.646,-4.856,4.12,-1.09,-0.693,0.6389199999999999,-0.408,Down
415,1998,-0.408,3.646,-4.856,4.12,-1.09,0.6383225,2.369,Up
416,1998,2.369,-0.408,3.646,-4.856,4.12,0.661366,3.283,Up
417,1998,3.283,2.369,-0.408,3.646,-4.856,0.677098,0.754,Up
418,1998,0.754,3.283,2.369,-0.408,3.646,0.582066,1.384,Up
419,1998,1.384,0.754,3.283,2.369,-0.408,0.5970025,1.463,Up
420,1998,1.463,1.384,0.754,3.283,2.369,0.594544,0.605,Up
421,1998,0.605,1.463,1.384,0.754,3.283,0.632376,1.224,Up
422,1998,1.224,0.605,1.463,1.384,0.754,0.620924,2.859,Up
423,1998,2.859,1.224,0.605,1.463,1.384,0.635636,-0.3379999999999999,Down
424,1998,-0.3379999999999999,2.859,1.224,0.605,1.463,0.620516,2.488,Up
425,1998,2.488,-0.3379999999999999,2.859,1.224,0.605,0.635572,-1.072,Down
426,1998,-1.072,2.488,-0.3379999999999999,2.859,1.224,0.61546,1.085,Up
427,1998,1.085,-1.072,2.488,-0.3379999999999999,2.859,0.647018,-1.32,Down
428,1998,-1.32,1.085,-1.072,2.488,-0.3379999999999999,0.65093,1.182,Up
429,1998,1.182,-1.32,1.085,-1.072,2.488,0.656184,-1.147,Down
430,1998,-1.147,1.182,-1.32,1.085,-1.072,0.5784,0.053,Up
431,1998,0.053,-1.147,1.182,-1.32,1.085,0.593128,0.157,Up
432,1998,0.157,0.053,-1.147,1.182,-1.32,0.53368,-1.77,Down
433,1998,-1.77,0.157,0.053,-1.147,1.182,0.5922824999999999,2.112,Up
434,1998,2.112,-1.77,0.157,0.053,-1.147,0.569796,-1.348,Down
435,1998,-1.348,2.112,-1.77,0.157,0.053,0.595436,0.165,Up
436,1998,0.165,-1.348,2.112,-1.77,0.157,0.6621520000000001,2.957,Up
437,1998,2.957,0.165,-1.348,2.112,-1.77,0.6187,1.167,Up
438,1998,1.167,2.957,0.165,-1.348,2.112,0.63334,1.5619999999999998,Up
439,1998,1.5619999999999998,1.167,2.957,0.165,-1.348,0.59731,1.926,Up
440,1998,1.926,1.5619999999999998,1.167,2.957,0.165,0.658982,-3.872,Down
441,1998,-3.872,1.926,1.5619999999999998,1.167,2.957,0.680056,-1.765,Down
442,1998,-1.765,-3.872,1.926,1.5619999999999998,1.167,0.66025,-2.786,Down
443,1998,-2.786,-1.765,-3.872,1.926,1.5619999999999998,0.77042,-2.451,Down
444,1998,-2.451,-2.786,-1.765,-3.872,1.926,0.674002,1.74,Up
445,1998,1.74,-2.451,-2.786,-1.765,-3.872,0.651188,-5.004,Down
446,1998,-5.004,1.74,-2.451,-2.786,-1.765,0.7352,-5.184,Down
447,1998,-5.184,-5.004,1.74,-2.451,-2.786,0.9379,3.611,Up
448,1998,3.611,-5.184,-5.004,1.74,-2.451,0.804625,1.093,Up
449,1998,1.093,3.611,-5.184,-5.004,1.74,0.7451399999999999,2.417,Up
450,1998,2.417,1.093,3.611,-5.184,-5.004,0.749436,-4.034,Down
451,1998,-4.034,2.417,1.093,3.611,-5.184,0.81066,-1.816,Down
452,1998,-1.816,-4.034,2.417,1.093,3.611,0.92658,7.317,Up
453,1998,7.317,-1.816,-4.034,2.417,1.093,0.8390799999999999,1.349,Up
454,1998,1.349,7.317,-1.816,-4.034,2.417,0.766888,2.615,Up
455,1998,2.615,1.349,7.317,-1.816,-4.034,0.707262,3.854,Up
456,1998,3.854,2.615,1.349,7.317,-1.816,0.7545,-1.34,Down
457,1998,-1.34,3.854,2.615,1.349,7.317,0.648912,3.361,Up
458,1998,3.361,-1.34,3.854,2.615,1.349,0.673098,2.4730000000000003,Up
459,1998,2.4730000000000003,3.361,-1.34,3.854,2.615,0.5952075,-1.308,Down
460,1998,-1.308,2.4730000000000003,3.361,-1.34,3.854,0.74266,-0.8740000000000001,Down
461,1998,-0.8740000000000001,-1.308,2.4730000000000003,3.361,-1.34,0.70612,1.849,Up
462,1998,1.849,-0.8740000000000001,-1.308,2.4730000000000003,3.361,0.76484,3.219,Up
463,1998,3.219,1.849,-0.8740000000000001,-1.308,2.4730000000000003,0.592445,0.241,Up
464,1999,0.241,3.219,1.849,-0.8740000000000001,-1.308,0.6078675,3.731,Up
465,1999,3.731,0.241,3.219,1.849,-0.8740000000000001,0.88794,-2.496,Down
466,1999,-2.496,3.731,0.241,3.219,1.849,0.8290000000000001,-1.453,Down
467,1999,-1.453,-2.496,3.731,0.241,3.219,0.837225,4.444,Up
468,1999,4.444,-1.453,-2.496,3.731,0.241,0.85598,-3.145,Down
469,1999,-3.145,4.444,-1.453,-2.496,3.731,0.84956,-0.748,Down
470,1999,-0.748,-3.145,4.444,-1.453,-2.496,0.73402,0.7390000000000001,Up
471,1999,0.7390000000000001,-0.748,-3.145,4.444,-1.453,0.707815,-0.072,Down
472,1999,-0.072,0.7390000000000001,-0.748,-3.145,4.444,0.76134,2.999,Up
473,1999,2.999,-0.072,0.7390000000000001,-0.748,-3.145,0.76212,1.499,Up
474,1999,1.499,2.999,-0.072,0.7390000000000001,-0.748,0.81816,0.363,Up
475,1999,0.363,1.499,2.999,-0.072,0.7390000000000001,0.79542,-1.269,Down
476,1999,-1.269,0.363,1.499,2.999,-0.072,0.74456,0.851,Up
477,1999,0.851,-1.269,0.363,1.499,2.999,0.77605,4.223,Up
478,1999,4.223,0.851,-1.269,0.363,1.499,0.7732600000000001,-2.177,Down
479,1999,-2.177,4.223,0.851,-1.269,0.363,0.93316,2.87,Up
480,1999,2.87,-2.177,4.223,0.851,-1.269,0.95852,-1.597,Down
481,1999,-1.597,2.87,-2.177,4.223,0.851,0.8991,0.735,Up
482,1999,0.735,-1.597,2.87,-2.177,4.223,0.86966,-0.535,Down
483,1999,-0.535,0.735,-1.597,2.87,-2.177,0.79192,-0.561,Down
484,1999,-0.561,-0.535,0.735,-1.597,2.87,0.7317600000000001,-2.139,Down
485,1999,-2.139,-0.561,-0.535,0.735,-1.597,0.782712,1.99,Up
486,1999,1.99,-2.139,-0.561,-0.535,0.735,0.706475,-2.569,Down
487,1999,-2.569,1.99,-2.139,-0.561,-0.535,0.68538,3.803,Up
488,1999,3.803,-2.569,1.99,-2.139,-0.561,0.75752,-2.05,Down
489,1999,-2.05,3.803,-2.569,1.99,-2.139,0.689752,5.771,Up
490,1999,5.771,-2.05,3.803,-2.569,1.99,0.809396,0.867,Up
491,1999,0.867,5.771,-2.05,3.803,-2.569,0.761425,1.105,Up
492,1999,1.105,0.867,5.771,-2.05,3.803,0.74206,-4.359,Down
493,1999,-4.359,1.105,0.867,5.771,-2.05,0.716982,-2.08,Down
494,1999,-2.08,-4.359,1.105,0.867,5.771,0.70701,-2.14,Down
495,1999,-2.14,-2.08,-4.359,1.105,0.867,0.74733,2.106,Up
496,1999,2.106,-2.14,-2.08,-4.359,1.105,0.75002,0.6729999999999999,Up
497,1999,0.6729999999999999,2.106,-2.14,-2.08,-4.359,0.66065,0.872,Up
498,1999,0.872,0.6729999999999999,2.106,-2.14,-2.08,0.7137899999999999,0.665,Up
499,1999,0.665,0.872,0.6729999999999999,2.106,-2.14,0.70362,-0.411,Down
500,1999,-0.411,0.665,0.872,0.6729999999999999,2.106,0.772225,-1.2009999999999998,Down
501,1999,-1.2009999999999998,-0.411,0.665,0.872,0.6729999999999999,0.75612,-4.348,Down
502,1999,-4.348,-1.2009999999999998,-0.411,0.665,0.872,0.79422,0.427,Up
503,1999,0.427,-4.348,-1.2009999999999998,-0.411,0.665,0.8871600000000001,4.148,Up
504,1999,4.148,0.427,-4.348,-1.2009999999999998,-0.411,0.8778600000000001,-6.632000000000001,Down
505,1999,-6.632000000000001,4.148,0.427,-4.348,-1.2009999999999998,0.81212,4.348,Up
506,1999,4.348,-6.632000000000001,4.148,0.427,-4.348,0.92498,4.708,Up
507,1999,4.708,4.348,-6.632000000000001,4.148,0.427,0.9722,0.536,Up
508,1999,0.536,4.708,4.348,-6.632000000000001,4.148,0.93378,1.885,Up
509,1999,1.885,0.536,4.708,4.348,-6.632000000000001,0.88746,1.858,Up
510,1999,1.858,1.885,0.536,4.708,4.348,0.9229,-0.3779999999999999,Down
511,1999,-0.3779999999999999,1.858,1.885,0.536,4.708,0.71163,1.177,Up
512,1999,1.177,-0.3779999999999999,1.858,1.885,0.536,0.92174,-1.134,Down
513,1999,-1.134,1.177,-0.3779999999999999,1.858,1.885,1.01378,0.282,Up
514,1999,0.282,-1.134,1.177,-0.3779999999999999,1.858,1.09188,2.6260000000000003,Up
515,1999,2.6260000000000003,0.282,-1.134,1.177,-0.3779999999999999,0.861675,0.748,Up
516,2000,0.748,2.6260000000000003,0.282,-1.134,1.177,0.574918,-1.891,Down
517,2000,-1.891,0.748,2.6260000000000003,0.282,-1.134,1.06876,1.643,Up
518,2000,1.643,-1.891,0.748,2.6260000000000003,0.282,1.03394,-1.624,Down
519,2000,-1.624,1.643,-1.891,0.748,2.6260000000000003,1.11375,-5.634,Down
520,2000,-5.634,-1.624,1.643,-1.891,0.748,1.1064200000000002,4.721,Up
521,2000,4.721,-5.634,-1.624,1.643,-1.891,1.041,-2.615,Down
522,2000,-2.615,4.721,-5.634,-1.624,1.643,1.02016,-2.958,Down
523,2000,-2.958,-2.615,4.721,-5.634,-1.624,1.02306,-0.946,Down
524,2000,-0.946,-2.958,-2.615,4.721,-5.634,1.063475,5.686,Up
525,2000,5.686,-0.946,-2.958,-2.615,4.721,1.17076,-1.001,Down
526,2000,-1.001,5.686,-0.946,-2.958,-2.615,1.1615799999999998,4.975,Up
527,2000,4.975,-1.001,5.686,-0.946,-2.958,1.23806,4.301,Up
528,2000,4.301,4.975,-1.001,5.686,-0.946,1.03844,-1.891,Down
529,2000,-1.891,4.301,4.975,-1.001,5.686,1.06856,1.186,Up
530,2000,1.186,-1.891,4.301,4.975,-1.001,1.109412,-10.538,Down
531,2000,-10.538,1.186,-1.891,4.301,4.975,1.06254,5.747999999999999,Up
532,2000,5.747999999999999,-10.538,1.186,-1.891,4.301,1.052925,1.247,Up
533,2000,1.247,5.747999999999999,-10.538,1.186,-1.891,1.007,-1.3630000000000002,Down
534,2000,-1.3630000000000002,1.247,5.747999999999999,-10.538,1.186,0.94014,-0.815,Down
535,2000,-0.815,-1.3630000000000002,1.247,5.747999999999999,-10.538,0.90048,-0.986,Down
536,2000,-0.986,-0.815,-1.3630000000000002,1.247,5.747999999999999,0.85844,-2.056,Down
537,2000,-2.056,-0.986,-0.815,-1.3630000000000002,1.247,0.91966,7.202000000000001,Up
538,2000,7.202000000000001,-2.056,-0.986,-0.815,-1.3630000000000002,0.9818,-1.375,Down
539,2000,-1.375,7.202000000000001,-2.056,-0.986,-0.815,0.85672,0.515,Up
540,2000,0.515,-1.375,7.202000000000001,-2.056,-0.986,0.98038,-1.569,Down
541,2000,-1.569,0.515,-1.375,7.202000000000001,-2.056,0.96662,0.91,Up
542,2000,0.91,-1.569,0.515,-1.375,7.202000000000001,1.11944,1.671,Up
543,2000,1.671,0.91,-1.569,0.515,-1.375,0.83755,2.102,Up
544,2000,2.102,1.671,0.91,-1.569,0.515,0.96156,-1.973,Down
545,2000,-1.973,2.102,1.671,0.91,-1.569,0.95132,-4.074,Down
546,2000,-4.074,-1.973,2.102,1.671,0.91,1.04438,3.031,Up
547,2000,3.031,-4.074,-1.973,2.102,1.671,0.98748,0.609,Up
548,2000,0.609,3.031,-4.074,-1.973,2.102,0.93546,1.351,Up
549,2000,1.351,0.609,3.031,-4.074,-1.973,0.87066,0.987,Up
550,2000,0.987,1.351,0.609,3.031,-4.074,0.78882,0.951,Up
551,2000,0.951,0.987,1.351,0.609,3.031,0.8343799999999999,-1.727,Down
552,2000,-1.727,0.951,0.987,1.351,0.609,0.945025,-1.92,Down
553,2000,-1.92,-1.727,0.951,0.987,1.351,1.04824,-1.166,Down
554,2000,-1.166,-1.92,-1.727,0.951,0.987,1.07646,-0.843,Down
555,2000,-0.843,-1.166,-1.92,-1.727,0.951,1.1334,-1.916,Down
556,2000,-1.916,-0.843,-1.166,-1.92,-1.727,1.12858,-2.471,Down
557,2000,-2.471,-1.916,-0.843,-1.166,-1.92,1.15212,1.656,Up
558,2000,1.656,-2.471,-1.916,-0.843,-1.166,1.21678,-1.242,Down
559,2000,-1.242,1.656,-2.471,-1.916,-0.843,1.18222,3.415,Up
560,2000,3.415,-1.242,1.656,-2.471,-1.916,1.18502,-4.255,Down
561,2000,-4.255,3.415,-1.242,1.656,-2.471,0.95892,0.127,Up
562,2000,0.127,-4.255,3.415,-1.242,1.656,1.0683200000000002,-1.897,Down
563,2000,-1.897,0.127,-4.255,3.415,-1.242,0.8652424999999999,-1.978,Down
564,2000,-1.978,-1.897,0.127,-4.255,3.415,0.951626,4.156000000000001,Up
565,2000,4.156000000000001,-1.978,-1.897,0.127,-4.255,1.1777799999999998,-4.215,Down
566,2000,-4.215,4.156000000000001,-1.978,-1.897,0.127,1.22066,-0.473,Down
567,2000,-0.473,-4.215,4.156000000000001,-1.978,-1.897,1.2946799999999998,1.097,Up
568,2001,1.097,-0.473,-4.215,4.156000000000001,-1.978,0.9875,-1.661,Down
569,2001,-1.661,1.097,-0.473,-4.215,4.156000000000001,1.642975,1.556,Up
570,2001,1.556,-1.661,1.097,-0.473,-4.215,1.2581,1.819,Up
571,2001,1.819,1.556,-1.661,1.097,-0.473,1.3519,0.924,Up
572,2001,0.924,1.819,1.556,-1.661,1.097,1.21232,-0.4039999999999999,Down
573,2001,-0.4039999999999999,0.924,1.819,1.556,-1.661,1.13308,-2.572,Down
574,2001,-2.572,-0.4039999999999999,0.924,1.819,1.556,1.08272,-1.006,Down
575,2001,-1.006,-2.572,-0.4039999999999999,0.924,1.819,1.1351,-4.277,Down
576,2001,-4.277,-1.006,-2.572,-0.4039999999999999,0.924,1.229475,-0.938,Down
577,2001,-0.938,-4.277,-1.006,-2.572,-0.4039999999999999,1.21182,-0.062,Down
578,2001,-0.062,-0.938,-4.277,-1.006,-2.572,1.07064,-6.72,Down
579,2001,-6.72,-0.062,-0.938,-4.277,-1.006,1.358072,-0.93,Down
580,2001,-0.93,-6.72,-0.062,-0.938,-4.277,1.35945,1.7990000000000002,Up
581,2001,1.7990000000000002,-0.93,-6.72,-0.062,-0.938,1.25538,-2.749,Down
582,2001,-2.749,1.7990000000000002,-0.93,-6.72,-0.062,1.340278,4.88,Up
583,2001,4.88,-2.749,1.7990000000000002,-0.93,-6.72,1.201175,5.026,Up
584,2001,5.026,4.88,-2.749,1.7990000000000002,-0.93,1.35358,0.81,Up
585,2001,0.81,5.026,4.88,-2.749,1.7990000000000002,1.17384,1.082,Up
586,2001,1.082,0.81,5.026,4.88,-2.749,1.20206,-1.653,Down
587,2001,-1.653,1.082,0.81,5.026,4.88,1.01012,3.716,Up
588,2001,3.716,-1.653,1.082,0.81,5.026,1.16434,-1.089,Down
589,2001,-1.089,3.716,-1.653,1.082,0.81,1.09978,-1.348,Down
590,2001,-1.348,-1.089,3.716,-1.653,1.082,1.10655,0.34,Up
591,2001,0.34,-1.348,-1.089,3.716,-1.653,0.9662,-4.0,Down
592,2001,-4.0,0.34,-1.348,-1.089,3.716,1.18973,0.905,Up
593,2001,0.905,-4.0,0.34,-1.348,-1.089,1.276524,-0.079,Down
594,2001,-0.079,0.905,-4.0,0.34,-1.348,1.314152,-2.76,Down
595,2001,-2.76,-0.079,0.905,-4.0,0.34,0.9355025,2.107,Up
596,2001,2.107,-2.76,-0.079,0.905,-4.0,1.24186,-0.397,Down
597,2001,-0.397,2.107,-2.76,-0.079,0.905,1.22172,-0.415,Down
598,2001,-0.415,-0.397,2.107,-2.76,-0.079,1.1391,0.7070000000000001,Up
599,2001,0.7070000000000001,-0.415,-0.397,2.107,-2.76,1.10736,-1.992,Down
600,2001,-1.992,0.7070000000000001,-0.415,-0.397,2.107,1.00268,-2.369,Down
601,2001,-2.369,-1.992,0.7070000000000001,-0.415,-0.397,0.9795,1.976,Up
602,2001,1.976,-2.369,-1.992,0.7070000000000001,-0.415,1.01586,-4.334,Down
603,2001,-4.334,1.976,-2.369,-1.992,0.7070000000000001,0.9741,-4.217,Down
604,2001,-4.217,-4.334,1.976,-2.369,-1.992,1.3367,-11.05,Down
605,2001,-11.05,-4.217,-4.334,1.976,-2.369,1.9500816000000003,7.78,Up
606,2001,7.78,-11.05,-4.217,-4.334,1.976,1.5956,2.924,Up
607,2001,2.924,7.78,-11.05,-4.217,-4.334,1.40536,1.892,Up
608,2001,1.892,2.924,7.78,-11.05,-4.217,1.311036,-1.664,Down
609,2001,-1.664,1.892,2.924,7.78,-11.05,1.24904,2.9,Up
610,2001,2.9,-1.664,1.892,2.924,7.78,1.27362,-1.5759999999999998,Down
611,2001,-1.5759999999999998,2.9,-1.664,1.892,2.924,1.23906,3.045,Up
612,2001,3.045,-1.5759999999999998,2.9,-1.664,1.892,1.32926,1.6369999999999998,Up
613,2001,1.6369999999999998,3.045,-1.5759999999999998,2.9,-1.664,1.3194,1.027,Up
614,2001,1.027,1.6369999999999998,3.045,-1.5759999999999998,2.9,1.02165,-0.947,Down
615,2001,-0.947,1.027,1.6369999999999998,3.045,-1.5759999999999998,1.31216,1.655,Up
616,2001,1.655,-0.947,1.027,1.6369999999999998,3.045,1.40456,-3.0410000000000004,Down
617,2001,-3.0410000000000004,1.655,-0.947,1.027,1.6369999999999998,1.37078,1.941,Up
618,2001,1.941,-3.0410000000000004,1.655,-0.947,1.027,1.45676,1.409,Up
619,2001,1.409,1.941,-3.0410000000000004,1.655,-0.947,0.7561175,0.99,Up
620,2002,0.99,1.409,1.941,-3.0410000000000004,1.655,1.256625,-2.295,Down
621,2002,-2.295,0.99,1.409,1.941,-3.0410000000000004,1.306,-1.5730000000000002,Down
622,2002,-1.5730000000000002,-2.295,0.99,1.409,1.941,1.37384,0.506,Up
623,2002,0.506,-1.5730000000000002,-2.295,0.99,1.409,1.422175,-0.978,Down
624,2002,-0.978,0.506,-1.5730000000000002,-2.295,0.99,1.5885200000000002,-2.315,Down
625,2002,-2.315,-0.978,0.506,-1.5730000000000002,-2.295,1.53904,0.726,Up
626,2002,0.726,-2.315,-0.978,0.506,-1.5730000000000002,1.22024,-1.2990000000000002,Down
627,2002,-1.2990000000000002,0.726,-2.315,-0.978,0.506,1.35535,3.848,Up
628,2002,3.848,-1.2990000000000002,0.726,-2.315,-0.978,1.38382,2.874,Up
629,2002,2.874,3.848,-1.2990000000000002,0.726,-2.315,1.52286,0.159,Up
630,2002,0.159,2.874,3.848,-1.2990000000000002,0.726,1.31426,-1.497,Down
631,2002,-1.497,0.159,2.874,3.848,-1.2990000000000002,1.2623799999999998,-0.114,Down
632,2002,-0.114,-1.497,0.159,2.874,3.848,1.1523,-2.149,Down
633,2002,-2.149,-0.114,-1.497,0.159,2.874,1.16826,-1.044,Down
634,2002,-1.044,-2.149,-0.114,-1.497,0.159,1.31326,1.275,Up
635,2002,1.275,-1.044,-2.149,-0.114,-1.497,1.2765799999999998,-4.342,Down
636,2002,-4.342,1.275,-1.044,-2.149,-0.114,1.36702,-0.2689999999999999,Down
637,2002,-0.2689999999999999,-4.342,1.275,-1.044,-2.149,1.40864,-1.7180000000000002,Down
638,2002,-1.7180000000000002,-0.2689999999999999,-4.342,1.275,-1.044,1.26084,4.891,Up
639,2002,4.891,-1.7180000000000002,-0.2689999999999999,-4.342,1.275,1.29086,-2.0580000000000003,Down
640,2002,-2.0580000000000003,4.891,-1.7180000000000002,-0.2689999999999999,-4.342,1.0809799999999998,-1.539,Down
641,2002,-1.539,-2.0580000000000003,4.891,-1.7180000000000002,-0.2689999999999999,1.16055,-3.712,Down
642,2002,-3.712,-1.539,-2.0580000000000003,4.891,-1.7180000000000002,1.40676,-1.972,Down
643,2002,-1.972,-3.712,-1.539,-2.0580000000000003,4.891,1.437764,-1.8,Down
644,2002,-1.8,-1.972,-3.712,-1.539,-2.0580000000000003,1.33054,0.069,Up
645,2002,0.069,-1.8,-1.972,-3.712,-1.539,1.821238,-0.08,Down
646,2002,-0.08,0.069,-1.8,-1.972,-3.712,1.368925,-6.839,Down
647,2002,-6.839,-0.08,0.069,-1.8,-1.972,1.607616,-7.992000000000001,Down
648,2002,-7.992000000000001,-6.839,-0.08,0.069,-1.8,2.27508,0.6,Up
649,2002,0.6,-7.992000000000001,-6.839,-0.08,0.069,2.337088,1.337,Up
650,2002,1.337,0.6,-7.992000000000001,-6.839,-0.08,1.77288,5.1370000000000005,Up
651,2002,5.1370000000000005,1.337,0.6,-7.992000000000001,-6.839,1.47432,2.215,Up
652,2002,2.215,5.1370000000000005,1.337,0.6,-7.992000000000001,1.32768,1.3019999999999998,Up
653,2002,1.3019999999999998,2.215,5.1370000000000005,1.337,0.6,1.28118,-2.635,Down
654,2002,-2.635,1.3019999999999998,2.215,5.1370000000000005,1.337,1.13444,-2.418,Down
655,2002,-2.418,-2.635,1.3019999999999998,2.215,5.1370000000000005,1.311925,-0.46,Down
656,2002,-0.46,-2.418,-2.635,1.3019999999999998,2.215,1.12524,-4.992,Down
657,2002,-4.992,-0.46,-2.418,-2.635,1.3019999999999998,1.45356,-2.132,Down
658,2002,-2.132,-4.992,-0.46,-2.418,-2.635,1.572028,-3.238,Down
659,2002,-3.238,-2.132,-4.992,-0.46,-2.418,1.73642,4.339,Up
660,2002,4.339,-3.238,-2.132,-4.992,-0.46,1.868864,5.874,Up
661,2002,5.874,4.339,-3.238,-2.132,-4.992,1.588958,1.499,Up
662,2002,1.499,5.874,4.339,-3.238,-2.132,1.526214,0.369,Up
663,2002,0.369,1.499,5.874,4.339,-3.238,1.48526,-0.69,Down
664,2002,-0.69,0.369,1.499,5.874,4.339,1.51748,1.6869999999999998,Up
665,2002,1.6869999999999998,-0.69,0.369,1.499,5.874,1.37452,2.277,Up
666,2002,2.277,1.6869999999999998,-0.69,0.369,1.499,1.63584,0.619,Up
667,2002,0.619,2.277,1.6869999999999998,-0.69,0.369,1.27784,-2.572,Down
668,2002,-2.572,0.619,2.277,1.6869999999999998,-0.69,1.43612,-2.494,Down
669,2002,-2.494,-2.572,0.619,2.277,1.6869999999999998,1.29572,0.706,Up
670,2002,0.706,-2.494,-2.572,0.619,2.277,1.427646,-2.273,Down
671,2002,-2.273,0.706,-2.494,-2.572,0.619,0.7624774999999999,3.791,Up
672,2003,3.791,-2.273,0.706,-2.494,-2.572,1.126575,2.089,Up
673,2003,2.089,3.791,-2.273,0.706,-2.494,1.49888,-2.78,Down
674,2003,-2.78,2.089,3.791,-2.273,0.706,1.42012,-4.478,Down
675,2003,-4.478,-2.78,2.089,3.791,-2.273,1.5538375,-0.662,Down
676,2003,-0.662,-4.478,-2.78,2.089,3.791,1.5158459999999998,-3.04,Down
677,2003,-3.04,-0.662,-4.478,-2.78,2.089,1.37372,0.627,Up
678,2003,0.627,-3.04,-0.662,-4.478,-2.78,1.33992,1.591,Up
679,2003,1.591,0.627,-3.04,-0.662,-4.478,1.229675,-0.828,Down
680,2003,-0.828,1.591,0.627,-3.04,-0.662,1.34968,-1.4580000000000002,Down
681,2003,-1.4580000000000002,-0.828,1.591,0.627,-3.04,1.29318,0.528,Up
682,2003,0.528,-1.4580000000000002,-0.828,1.591,0.627,1.53218,7.502999999999999,Up
683,2003,7.502999999999999,0.528,-1.4580000000000002,-0.828,1.591,1.6103459999999998,-3.605,Down
684,2003,-3.605,7.502999999999999,0.528,-1.4580000000000002,-0.828,1.2812,1.778,Up
685,2003,1.778,-3.605,7.502999999999999,0.528,-1.4580000000000002,1.42552,-1.2,Down
686,2003,-1.2,1.778,-3.605,7.502999999999999,0.528,1.288,2.911,Up
687,2003,2.911,-1.2,1.778,-3.605,7.502999999999999,1.40235,0.585,Up
688,2003,0.585,2.911,-1.2,1.778,-3.605,1.4802,3.479,Up
689,2003,3.479,0.585,2.911,-1.2,1.778,1.507782,0.358,Up
690,2003,0.358,3.479,0.585,2.911,-1.2,1.4667,1.167,Up
691,2003,1.167,0.358,3.479,0.585,2.911,1.44258,-1.173,Down
692,2003,-1.173,1.167,0.358,3.479,0.585,1.39766,3.254,Up
693,2003,3.254,-1.173,1.167,0.358,3.479,1.6164,2.508,Up
694,2003,2.508,3.254,-1.173,1.167,0.358,1.65234,0.086,Up
695,2003,0.086,2.508,3.254,-1.173,1.167,1.38542,0.716,Up
696,2003,0.716,0.086,2.508,3.254,-1.173,1.50852,-1.955,Down
697,2003,-1.955,0.716,0.086,2.508,3.254,1.38016,0.971,Up
698,2003,0.971,-1.955,0.716,0.086,2.508,1.33565,1.262,Up
699,2003,1.262,0.971,-1.955,0.716,0.086,1.45824,-0.483,Down
700,2003,-0.483,1.262,0.971,-1.955,0.716,1.53122,0.54,Up
701,2003,0.54,-0.483,1.262,0.971,-1.955,1.40262,-1.855,Down
702,2003,-1.855,0.54,-0.483,1.262,0.971,1.4456,-0.261,Down
703,2003,-0.261,-1.855,0.54,-0.483,1.262,1.32746,1.338,Up
704,2003,1.338,-0.261,-1.855,0.54,-0.483,1.0372940000000002,0.241,Up
705,2003,0.241,1.338,-0.261,-1.855,0.54,1.271,1.505,Up
706,2003,1.505,0.241,1.338,-0.261,-1.855,1.06242,1.327,Up
707,2003,1.327,1.505,0.241,1.338,-0.261,1.5163,-0.27,Down
708,2003,-0.27,1.327,1.505,0.241,1.338,1.37376,1.735,Up
709,2003,1.735,-0.27,1.327,1.505,0.241,1.382022,-3.807,Down
710,2003,-3.807,1.735,-0.27,1.327,1.505,1.4278,3.31,Up
711,2003,3.31,-3.807,1.735,-0.27,1.327,1.47262,0.797,Up
712,2003,0.797,3.31,-3.807,1.735,-0.27,1.25092,0.121,Up
713,2003,0.121,0.797,3.31,-3.807,1.735,1.32064,-1.002,Down
714,2003,-1.002,0.121,0.797,3.31,-3.807,1.46848,2.119,Up
715,2003,2.119,-1.002,0.121,0.797,3.31,1.53844,0.238,Up
716,2003,0.238,2.119,-1.002,0.121,0.797,1.4184,-0.272,Down
717,2003,-0.272,0.238,2.119,-1.002,0.121,1.2989,-1.435,Down
718,2003,-1.435,-0.272,0.238,2.119,-1.002,1.33106,2.214,Up
719,2003,2.214,-1.435,-0.272,0.238,2.119,1.0553549999999998,0.312,Up
720,2003,0.312,2.214,-1.435,-0.272,0.238,1.38578,1.1909999999999998,Up
721,2003,1.1909999999999998,0.312,2.214,-1.435,-0.272,1.3585200000000002,1.352,Up
722,2003,1.352,1.1909999999999998,0.312,2.214,-1.435,1.54952,0.664,Up
723,2003,0.664,1.352,1.1909999999999998,0.312,2.214,0.8177825,1.149,Up
724,2004,1.149,0.664,1.352,1.1909999999999998,0.312,1.063025,1.207,Up
725,2004,1.207,1.149,0.664,1.352,1.1909999999999998,1.67334,1.602,Up
726,2004,1.602,1.207,1.149,0.664,1.352,1.60736,0.151,Up
727,2004,0.151,1.602,1.207,1.149,0.664,1.677675,-0.913,Down
728,2004,-0.913,0.151,1.602,1.207,1.149,1.71052,1.028,Up
729,2004,1.028,-0.913,0.151,1.602,1.207,1.55102,0.267,Up
730,2004,0.267,1.028,-0.913,0.151,1.602,1.44004,-0.148,Down
731,2004,-0.148,0.267,1.028,-0.913,0.151,1.455325,0.073,Up
732,2004,0.073,-0.148,0.267,1.028,-0.913,1.4418,1.041,Up
733,2004,1.041,0.073,-0.148,0.267,1.028,1.39432,-3.137,Down
734,2004,-3.137,1.041,0.073,-0.148,0.267,1.5361200000000002,-0.963,Down
735,2004,-0.963,-3.137,1.041,0.073,-0.148,1.4836,-0.155,Down
736,2004,-0.155,-0.963,-3.137,1.041,0.073,1.44582,3.0460000000000003,Up
737,2004,3.0460000000000003,-0.155,-0.963,-3.137,1.041,1.4977,-0.218,Down
738,2004,-0.218,3.0460000000000003,-0.155,-0.963,-3.137,1.3675,-0.413,Down
739,2004,-0.413,-0.218,3.0460000000000003,-0.155,-0.963,1.42596,0.528,Up
740,2004,0.528,-0.413,-0.218,3.0460000000000003,-0.155,1.53286,-2.92,Down
741,2004,-2.92,0.528,-0.413,-0.218,3.0460000000000003,1.63158,-0.777,Down
742,2004,-0.777,-2.92,0.528,-0.413,-0.218,1.57312,-0.273,Down
743,2004,-0.273,-0.777,-2.92,0.528,-0.413,1.57936,-0.195,Down
744,2004,-0.195,-0.273,-0.777,-2.92,0.528,1.36026,2.48,Up
745,2004,2.48,-0.195,-0.273,-0.777,-2.92,1.35254,0.162,Up
746,2004,0.162,2.48,-0.195,-0.273,-0.777,1.20935,1.245,Up
747,2004,1.245,0.162,2.48,-0.195,-0.273,1.209875,-0.128,Down
748,2004,-0.128,1.245,0.162,2.48,-0.195,1.2982,-0.052,Down
749,2004,-0.052,-0.128,1.245,0.162,2.48,1.43164,-0.7979999999999999,Down
750,2004,-0.7979999999999999,-0.052,-0.128,1.245,0.162,1.35682,-1.117,Down
751,2004,-1.117,-0.7979999999999999,-0.052,-0.128,1.245,1.299825,-1.026,Down
752,2004,-1.026,-1.117,-0.7979999999999999,-0.052,-0.128,1.32706,-1.379,Down
753,2004,-1.379,-1.026,-1.117,-0.7979999999999999,-0.052,1.4927,1.429,Up
754,2004,1.429,-1.379,-1.026,-1.117,-0.7979999999999999,1.48136,-3.426,Down
755,2004,-3.426,1.429,-1.379,-1.026,-1.117,1.38038,0.078,Up
756,2004,0.078,-3.426,1.429,-1.379,-1.026,1.26444,3.151,Up
757,2004,3.151,0.078,-3.426,1.429,-1.379,1.24116,0.858,Up
758,2004,0.858,3.151,0.078,-3.426,1.429,1.03512,0.529,Up
759,2004,0.529,0.858,3.151,0.078,-3.426,1.033194,0.924,Up
760,2004,0.924,0.529,0.858,3.151,0.078,1.2733,0.412,Up
761,2004,0.412,0.924,0.529,0.858,3.151,1.25936,-1.634,Down
762,2004,-1.634,0.412,0.924,0.529,0.858,1.28884,1.927,Up
763,2004,1.927,-1.634,0.412,0.924,0.529,1.47864,-0.8270000000000001,Down
764,2004,-0.8270000000000001,1.927,-1.634,0.412,0.924,1.42164,-1.242,Down
765,2004,-1.242,-0.8270000000000001,1.927,-1.634,0.412,1.38894,-1.124,Down
766,2004,-1.124,-1.242,-0.8270000000000001,1.927,-1.634,1.58782,3.145,Up
767,2004,3.145,-1.124,-1.242,-0.8270000000000001,1.927,1.58736,3.1830000000000003,Up
768,2004,3.1830000000000003,3.145,-1.124,-1.242,-0.8270000000000001,1.6659,1.544,Up
769,2004,1.544,3.1830000000000003,3.145,-1.124,-1.242,1.44768,-1.168,Down
770,2004,-1.168,1.544,3.1830000000000003,3.145,-1.124,1.49704,1.052,Up
771,2004,1.052,-1.168,1.544,3.1830000000000003,3.145,1.118795,0.72,Up
772,2004,0.72,1.052,-1.168,1.544,3.1830000000000003,1.6092799999999998,-0.266,Down
773,2004,-0.266,0.72,1.052,-1.168,1.544,1.4963799999999998,0.522,Up
774,2004,0.522,-0.266,0.72,1.052,-1.168,1.7610400000000002,1.334,Up
775,2004,1.334,0.522,-0.266,0.72,1.052,1.31335,0.148,Up
776,2005,0.148,1.334,0.522,-0.266,0.72,0.8895200000000001,-2.123,Down
777,2005,-2.123,0.148,1.334,0.522,-0.266,1.60354,-0.141,Down
778,2005,-0.141,-2.123,0.148,1.334,0.522,1.4774,-1.406,Down
779,2005,-1.406,-0.141,-2.123,0.148,1.334,1.60775,0.299,Up
780,2005,0.299,-1.406,-0.141,-2.123,0.148,1.59666,2.704,Up
781,2005,2.704,0.299,-1.406,-0.141,-2.123,1.625228,0.1889999999999999,Up
782,2005,0.1889999999999999,2.704,0.299,-1.406,-0.141,1.46569,-0.308,Down
783,2005,-0.308,0.1889999999999999,2.704,0.299,-1.406,1.487736,0.8140000000000001,Up
784,2005,0.8140000000000001,-0.308,0.1889999999999999,2.704,0.299,1.572115,0.887,Up
785,2005,0.887,0.8140000000000001,-0.308,0.1889999999999999,2.704,1.665028,-1.803,Down
786,2005,-1.803,0.887,0.8140000000000001,-0.308,0.1889999999999999,1.5541459999999998,-0.8690000000000001,Down
787,2005,-0.8690000000000001,-1.803,0.887,0.8140000000000001,-0.308,1.70609,-1.5319999999999998,Down
788,2005,-1.5319999999999998,-0.8690000000000001,-1.803,0.887,0.8140000000000001,1.975625,0.128,Up
789,2005,0.128,-1.5319999999999998,-0.8690000000000001,-1.803,0.887,2.0899,0.706,Up
790,2005,0.706,0.128,-1.5319999999999998,-0.8690000000000001,-1.803,1.861984,-3.266,Down
791,2005,-3.266,0.706,0.128,-1.5319999999999998,-0.8690000000000001,2.119976,0.831,Up
792,2005,0.831,-3.266,0.706,0.128,-1.5319999999999998,2.178972,0.411,Up
793,2005,0.411,0.831,-3.266,0.706,0.128,2.090184,1.253,Up
794,2005,1.253,0.411,0.831,-3.266,0.706,2.031568,-1.477,Down
795,2005,-1.477,1.253,0.411,0.831,-3.266,1.953106,3.053,Up
796,2005,3.053,-1.477,1.253,0.411,0.831,1.88361,0.799,Up
797,2005,0.799,3.053,-1.477,1.253,0.411,1.627978,-0.23,Down
798,2005,-0.23,0.799,3.053,-1.477,1.253,1.7730225,0.175,Up
799,2005,0.175,-0.23,0.799,3.053,-1.477,1.7204560000000002,1.5730000000000002,Up
800,2005,1.5730000000000002,0.175,-0.23,0.799,3.053,1.87667,-2.086,Down
801,2005,-2.086,1.5730000000000002,0.175,-0.23,0.799,1.94144,0.241,Up
802,2005,0.241,-2.086,1.5730000000000002,0.175,-0.23,1.7967240000000002,1.4580000000000002,Up
803,2005,1.4580000000000002,0.241,-2.086,1.5730000000000002,0.175,1.885635,1.325,Up
804,2005,1.325,1.4580000000000002,0.241,-2.086,1.5730000000000002,1.871184,0.469,Up
805,2005,0.469,1.325,1.4580000000000002,0.241,-2.086,1.91671,0.0409999999999999,Up
806,2005,0.0409999999999999,0.469,1.325,1.4580000000000002,0.241,1.877768,-0.629,Down
807,2005,-0.629,0.0409999999999999,0.469,1.325,1.4580000000000002,1.934294,0.324,Up
808,2005,0.324,-0.629,0.0409999999999999,0.469,1.325,1.904968,-0.868,Down
809,2005,-0.868,0.324,-0.629,0.0409999999999999,0.469,1.72188,-1.198,Down
810,2005,-1.198,-0.868,0.324,-0.629,0.0409999999999999,1.6685900000000002,1.072,Up
811,2005,1.072,-1.198,-0.868,0.324,-0.629,1.95029,1.926,Up
812,2005,1.926,1.072,-1.198,-0.868,0.324,1.9869325,-0.288,Down
813,2005,-0.288,1.926,1.072,-1.198,-0.868,2.247794,-1.827,Down
814,2005,-1.827,-0.288,1.926,1.072,-1.198,2.268336,1.112,Up
815,2005,1.112,-1.827,-0.288,1.926,1.072,2.075822,-2.678,Down
816,2005,-2.678,1.112,-1.827,-0.288,1.926,2.38076,-0.78,Down
817,2005,-0.78,-2.678,1.112,-1.827,-0.288,2.30528,-0.588,Down
818,2005,-0.588,-0.78,-2.678,1.112,-1.827,2.408668,1.595,Up
819,2005,1.595,-0.588,-0.78,-2.678,1.112,2.350556,1.813,Up
820,2005,1.813,1.595,-0.588,-0.78,-2.678,2.48811,1.195,Up
821,2005,1.195,1.813,1.595,-0.588,-0.78,2.0637380000000003,1.097,Up
822,2005,1.097,1.195,1.813,1.595,-0.588,2.226412,1.601,Up
823,2005,1.601,1.097,1.195,1.813,1.595,1.7797775000000002,-0.25,Down
824,2005,-0.25,1.601,1.097,1.195,1.813,2.280068,-0.451,Down
825,2005,-0.451,-0.25,1.601,1.097,1.195,2.121,0.631,Up
826,2005,0.631,-0.451,-0.25,1.601,1.097,2.235374,0.106,Up
827,2005,0.106,0.631,-0.451,-0.25,1.601,1.888996,-1.606,Down
828,2006,-1.606,0.106,0.631,-0.451,-0.25,1.4472174999999998,2.977,Up
829,2006,2.977,-1.606,0.106,0.631,-0.451,2.48745,0.168,Up
830,2006,0.168,2.977,-1.606,0.106,0.631,2.321112,-2.029,Down
831,2006,-2.029,0.168,2.977,-1.606,0.106,2.42575,1.7619999999999998,Up
832,2006,1.7619999999999998,-2.029,0.168,2.977,-1.606,2.59245,-1.534,Down
833,2006,-1.534,1.7619999999999998,-2.029,0.168,2.977,2.485592,0.2339999999999999,Up
834,2006,0.2339999999999999,-1.534,1.7619999999999998,-2.029,0.168,2.337512,1.598,Up
835,2006,1.598,0.2339999999999999,-1.534,1.7619999999999998,-2.029,2.197072,0.17,Up
836,2006,0.17,1.598,0.2339999999999999,-1.534,1.7619999999999998,2.10098,-0.171,Down
837,2006,-0.171,0.17,1.598,0.2339999999999999,-1.534,2.260408,-0.451,Down
838,2006,-0.451,-0.171,0.17,1.598,0.2339999999999999,2.250934,2.016,Up
839,2006,2.016,-0.451,-0.171,0.17,1.598,2.27408,-0.3289999999999999,Down
840,2006,-0.3289999999999999,2.016,-0.451,-0.171,0.17,2.094204,-0.62,Down
841,2006,-0.62,-0.3289999999999999,2.016,-0.451,-0.171,2.170618,0.049,Up
842,2006,0.049,-0.62,-0.3289999999999999,2.016,-0.451,2.285182,-0.492,Down
843,2006,-0.492,0.049,-0.62,-0.3289999999999999,2.016,1.99031,1.719,Up
844,2006,1.719,-0.492,0.049,-0.62,-0.3289999999999999,2.34859,-0.051,Down
845,2006,-0.051,1.719,-0.492,0.049,-0.62,2.435666,1.156,Up
846,2006,1.156,-0.051,1.719,-0.492,0.049,2.39239,-2.604,Down
847,2006,-2.604,1.156,-0.051,1.719,-0.492,2.335326,-1.875,Down
848,2006,-1.875,-2.604,1.156,-0.051,1.719,2.648372,1.036,Up
849,2006,1.036,-1.875,-2.604,1.156,-0.051,2.512808,0.63,Up
850,2006,0.63,1.036,-1.875,-2.604,1.156,2.3810125,-2.7880000000000003,Down
851,2006,-2.7880000000000003,0.63,1.036,-1.875,-2.604,2.682616,-0.061,Down
852,2006,-0.061,-2.7880000000000003,0.63,1.036,-1.875,2.737928,-0.563,Down
853,2006,-0.563,-0.061,-2.7880000000000003,0.63,1.036,2.255366,2.065,Up
854,2006,2.065,-0.563,-0.061,-2.7880000000000003,0.63,2.367602,-0.372,Down
855,2006,-0.372,2.065,-0.563,-0.061,-2.7880000000000003,1.8192125,-2.314,Down
856,2006,-2.314,-0.372,2.065,-0.563,-0.061,2.2857540000000003,0.331,Up
857,2006,0.331,-2.314,-0.372,2.065,-0.563,2.475962,3.085,Up
858,2006,3.085,0.331,-2.314,-0.372,2.065,2.560298,0.063,Up
859,2006,0.063,3.085,0.331,-2.314,-0.372,2.57183,-0.986,Down
860,2006,-0.986,0.063,3.085,0.331,-2.314,2.293082,2.807,Up
861,2006,2.807,-0.986,0.063,3.085,0.331,2.299788,-0.5539999999999999,Down
862,2006,-0.5539999999999999,2.807,-0.986,0.063,3.085,1.83191,1.229,Up
863,2006,1.229,-0.5539999999999999,2.807,-0.986,0.063,1.952878,-0.922,Down
864,2006,-0.922,1.229,-0.5539999999999999,2.807,-0.986,2.2257725,1.597,Up
865,2006,1.597,-0.922,1.229,-0.5539999999999999,2.807,2.688896,-0.37,Down
866,2006,-0.37,1.597,-0.922,1.229,-0.5539999999999999,2.409864,1.6030000000000002,Up
867,2006,1.6030000000000002,-0.37,1.597,-0.922,1.229,2.560806,1.029,Up
868,2006,1.029,1.6030000000000002,-0.37,1.597,-0.922,2.6394580000000003,1.188,Up
869,2006,1.188,1.029,1.6030000000000002,-0.37,1.597,2.365916,0.218,Up
870,2006,0.218,1.188,1.029,1.6030000000000002,-0.37,2.5261240000000003,0.639,Up
871,2006,0.639,0.218,1.188,1.029,1.6030000000000002,2.712532,-0.947,Down
872,2006,-0.947,0.639,0.218,1.188,1.029,2.692108,1.217,Up
873,2006,1.217,-0.947,0.639,0.218,1.188,2.6574020000000003,1.47,Up
874,2006,1.47,1.217,-0.947,0.639,0.218,2.761356,-0.018,Down
875,2006,-0.018,1.47,1.217,-0.947,0.639,2.0537275,-0.303,Down
876,2006,-0.303,-0.018,1.47,1.217,-0.947,2.989828,0.94,Up
877,2006,0.94,-0.303,-0.018,1.47,1.217,2.686182,1.224,Up
878,2006,1.224,0.94,-0.303,-0.018,1.47,2.707922,-1.144,Down
879,2006,-1.144,1.224,0.94,-0.303,-0.018,2.328566,0.534,Up
880,2007,0.534,-1.144,1.224,0.94,-0.303,1.5411125,-0.606,Down
881,2007,-0.606,0.534,-1.144,1.224,0.94,3.1176733,1.491,Up
882,2007,1.491,-0.606,0.534,-1.144,1.224,2.822146,-0.016,Down
883,2007,-0.016,1.491,-0.606,0.534,-1.144,2.7224275,-0.5820000000000001,Down
884,2007,-0.5820000000000001,-0.016,1.491,-0.606,0.534,2.783864,1.843,Up
885,2007,1.843,-0.5820000000000001,-0.016,1.491,-0.606,2.779552,-0.713,Down
886,2007,-0.713,1.843,-0.5820000000000001,-0.016,1.491,2.68699,1.216,Up
887,2007,1.216,-0.713,1.843,-0.5820000000000001,-0.016,2.527498,-0.299,Down
888,2007,-0.299,1.216,-0.713,1.843,-0.5820000000000001,2.36889,-4.412,Down
889,2007,-4.412,-0.299,1.216,-0.713,1.843,3.599964,1.13,Up
890,2007,1.13,-4.412,-0.299,1.216,-0.713,3.123586,-1.133,Down
891,2007,-1.133,1.13,-4.412,-0.299,1.216,3.224692,3.544,Up
892,2007,3.544,-1.133,1.13,-4.412,-0.299,2.901376,-1.062,Down
893,2007,-1.062,3.544,-1.133,1.13,-4.412,2.837362,1.612,Up
894,2007,1.612,-1.062,3.544,-1.133,1.13,2.6927975,0.63,Up
895,2007,0.63,1.612,-1.062,3.544,-1.133,2.65406,2.168,Up
896,2007,2.168,0.63,1.612,-1.062,3.544,3.001118,0.655,Up
897,2007,0.655,2.168,0.63,1.612,-1.062,2.978394,0.773,Up
898,2007,0.773,0.655,2.168,0.63,1.612,3.090694,0.015,Up
899,2007,0.015,0.773,0.655,2.168,0.63,2.805676,1.122,Up
900,2007,1.122,0.015,0.773,0.655,2.168,2.918038,-0.461,Down
901,2007,-0.461,1.122,0.015,0.773,0.655,3.01838,1.36,Up
902,2007,1.36,-0.461,1.122,0.015,0.773,2.9536375,-1.866,Down
903,2007,-1.866,1.36,-0.461,1.122,0.015,3.0349,1.6740000000000002,Up
904,2007,1.6740000000000002,-1.866,1.36,-0.461,1.122,2.975814,-1.98,Down
905,2007,-1.98,1.6740000000000002,-1.866,1.36,-0.461,3.217232,0.053,Up
906,2007,0.053,-1.98,1.6740000000000002,-1.866,1.36,3.25121,1.802,Up
907,2007,1.802,0.053,-1.98,1.6740000000000002,-1.866,2.3175625,1.4409999999999998,Up
908,2007,1.4409999999999998,1.802,0.053,-1.98,1.6740000000000002,3.06665,-1.185,Down
909,2007,-1.185,1.4409999999999998,1.802,0.053,-1.98,3.2635400000000003,-4.899,Down
910,2007,-4.899,-1.185,1.4409999999999998,1.802,0.053,4.151786,-1.775,Down
911,2007,-1.775,-4.899,-1.185,1.4409999999999998,1.802,4.510208,1.436,Up
912,2007,1.436,-1.775,-4.899,-1.185,1.4409999999999998,5.342306,-0.53,Down
913,2007,-0.53,1.436,-1.775,-4.899,-1.185,4.3762360000000005,2.312,Up
914,2007,2.312,-0.53,1.436,-1.775,-4.899,3.05368,-0.364,Down
915,2007,-0.364,2.312,-0.53,1.436,-1.775,2.724582,-1.3869999999999998,Down
916,2007,-1.3869999999999998,-0.364,2.312,-0.53,1.436,2.8522175,2.112,Up
917,2007,2.112,-1.3869999999999998,-0.364,2.312,-0.53,2.851118,2.7960000000000003,Up
918,2007,2.7960000000000003,2.112,-1.3869999999999998,-0.364,2.312,3.358248,0.066,Up
919,2007,0.066,2.7960000000000003,2.112,-1.3869999999999998,-0.364,3.0708,2.02,Up
920,2007,2.02,0.066,2.7960000000000003,2.112,-1.3869999999999998,3.011736,0.27,Up
921,2007,0.27,2.02,0.066,2.7960000000000003,2.112,2.94348,-3.917,Down
922,2007,-3.917,0.27,2.02,0.066,2.7960000000000003,3.47522,2.309,Up
923,2007,2.309,-3.917,0.27,2.02,0.066,3.716066000000001,-1.669,Down
924,2007,-1.669,2.309,-3.917,0.27,2.02,3.763506,-3.706,Down
925,2007,-3.706,-1.669,2.309,-3.917,0.27,4.415684,0.347,Up
926,2007,0.347,-3.706,-1.669,2.309,-3.917,4.095036,-1.237,Down
927,2007,-1.237,0.347,-3.706,-1.669,2.309,3.6709375,2.807,Up
928,2007,2.807,-1.237,0.347,-3.706,-1.669,4.096428,1.588,Up
929,2007,1.588,2.807,-1.237,0.347,-3.706,3.4153620000000005,-2.44,Down
930,2007,-2.44,1.588,2.807,-1.237,0.347,3.702056,1.125,Up
931,2007,1.125,-2.44,1.588,2.807,-1.237,3.7459,-0.402,Down
932,2007,-0.402,1.125,-2.44,1.588,2.807,2.01605,-4.522,Down
933,2008,-4.522,-0.402,1.125,-2.44,1.588,3.3722575,-0.752,Down
934,2008,-0.752,-4.522,-0.402,1.125,-2.44,4.788802,-5.412000000000001,Down
935,2008,-5.412000000000001,-0.752,-4.522,-0.402,1.125,5.006464,0.409,Up
936,2008,0.409,-5.412000000000001,-0.752,-4.522,-0.402,5.10098,4.871,Up
937,2008,4.871,0.409,-5.412000000000001,-0.752,-4.522,4.539542,-4.596,Down
938,2008,-4.596,4.871,0.409,-5.412000000000001,-0.752,4.035458,1.405,Up
939,2008,1.405,-4.596,4.871,0.409,-5.412000000000001,3.744452,0.231,Up
940,2008,0.231,1.405,-4.596,4.871,0.409,3.6883475,-1.661,Down
941,2008,-1.661,0.231,1.405,-4.596,4.871,4.046484,-2.8,Down
942,2008,-2.8,-1.661,0.231,1.405,-4.596,4.408266,-0.4039999999999999,Down
943,2008,-0.4039999999999999,-2.8,-1.661,0.231,1.405,4.802348,3.212,Up
944,2008,3.212,-0.4039999999999999,-2.8,-1.661,0.231,4.5919225,-1.075,Down
945,2008,-1.075,3.212,-0.4039999999999999,-2.8,-1.661,4.0849400000000005,4.195,Up
946,2008,4.195,-1.075,3.212,-0.4039999999999999,-2.8,4.17555,-2.742,Down
947,2008,-2.742,4.195,-1.075,3.212,-0.4039999999999999,3.663378,4.314,Up
948,2008,4.314,-2.742,4.195,-1.075,3.212,3.868576,0.54,Up
949,2008,0.54,4.314,-2.742,4.195,-1.075,3.939778,1.149,Up
950,2008,1.149,0.54,4.314,-2.742,4.195,4.066604,-1.812,Down
951,2008,-1.812,1.149,0.54,4.314,-2.742,3.751244,2.67,Up
952,2008,2.67,-1.812,1.149,0.54,4.314,3.809532,-3.467,Down
953,2008,-3.467,2.67,-1.812,1.149,0.54,3.905724,1.777,Up
954,2008,1.777,-3.467,2.67,-1.812,1.149,3.8140425,-2.835,Down
955,2008,-2.835,1.777,-3.467,2.67,-1.812,4.314358,-0.048,Down
956,2008,-0.048,-2.835,1.777,-3.467,2.67,4.526856,-3.096,Down
957,2008,-3.096,-0.048,-2.835,1.777,-3.467,4.443808,-3.0010000000000003,Down
958,2008,-3.0010000000000003,-3.096,-0.048,-2.835,1.777,5.03132,-1.211,Down
959,2008,-1.211,-3.0010000000000003,-3.096,-0.048,-2.835,4.850575,-1.854,Down
960,2008,-1.854,-1.211,-3.0010000000000003,-3.096,-0.048,5.812632,1.71,Up
961,2008,1.71,-1.854,-1.211,-3.0010000000000003,-3.096,6.511124,-0.2319999999999999,Down
962,2008,-0.2319999999999999,1.71,-1.854,-1.211,-3.0010000000000003,5.663448000000001,0.203,Up
963,2008,0.203,-0.2319999999999999,1.71,-1.854,-1.211,5.07189,2.857,Up
964,2008,2.857,0.203,-0.2319999999999999,1.71,-1.854,4.18824,0.145,Up
965,2008,0.145,2.857,0.203,-0.2319999999999999,1.71,4.534404,-0.462,Down
966,2008,-0.462,0.145,2.857,0.203,-0.2319999999999999,4.063548,-0.725,Down
967,2008,-0.725,-0.462,0.145,2.857,0.203,3.530036,-3.159,Down
968,2008,-3.159,-0.725,-0.462,0.145,2.857,5.017530000000001,0.7559999999999999,Up
969,2008,0.7559999999999999,-3.159,-0.725,-0.462,0.145,6.883584,0.27,Up
970,2008,0.27,0.7559999999999999,-3.159,-0.725,-0.462,9.328214,-3.3310000000000004,Down
971,2008,-3.3310000000000004,0.27,0.7559999999999999,-3.159,-0.725,5.319894000000001,-9.399,Down
972,2008,-9.399,-3.3310000000000004,0.27,0.7559999999999999,-3.159,6.205326,-18.195,Down
973,2008,-18.195,-9.399,-3.3310000000000004,0.27,0.7559999999999999,8.4033579,4.596,Up
974,2008,4.596,-18.195,-9.399,-3.3310000000000004,0.27,7.306794,-6.781000000000001,Down
975,2008,-6.781000000000001,4.596,-18.195,-9.399,-3.3310000000000004,6.035936,10.491,Up
976,2008,10.491,-6.781000000000001,4.596,-18.195,-9.399,6.460596,-3.898,Down
977,2008,-3.898,10.491,-6.781000000000001,4.596,-18.195,5.296816000000001,-6.198,Down
978,2008,-6.198,-3.898,10.491,-6.781000000000001,4.596,5.812933999999999,-8.389,Down
979,2008,-8.389,-6.198,-3.898,10.491,-6.781000000000001,7.34904,12.026,Up
980,2008,12.026,-8.389,-6.198,-3.898,10.491,5.841565,-2.251,Down
981,2008,-2.251,12.026,-8.389,-6.198,-3.898,6.09395,0.418,Up
982,2008,0.418,-2.251,12.026,-8.389,-6.198,5.932454,0.926,Up
983,2008,0.926,0.418,-2.251,12.026,-8.389,5.855972,-1.6980000000000002,Down
984,2008,-1.6980000000000002,0.926,0.418,-2.251,12.026,3.087105,6.76,Up
985,2009,6.76,-1.6980000000000002,0.926,0.418,-2.251,3.79311,-4.448,Down
986,2009,-4.448,6.76,-1.6980000000000002,0.926,0.418,5.043904,-4.518,Down
987,2009,-4.518,-4.448,6.76,-1.6980000000000002,0.926,5.948758,-2.137,Down
988,2009,-2.137,-4.518,-4.448,6.76,-1.6980000000000002,6.1297625,-0.73,Down
989,2009,-0.73,-2.137,-4.518,-4.448,6.76,5.602004,5.172999999999999,Up
990,2009,5.172999999999999,-0.73,-2.137,-4.518,-4.448,6.217632,-4.808,Down
991,2009,-4.808,5.172999999999999,-0.73,-2.137,-4.518,6.0088219,-6.867999999999999,Down
992,2009,-6.867999999999999,-4.808,5.172999999999999,-0.73,-2.137,6.4015151,-4.54,Down
993,2009,-4.54,-6.867999999999999,-4.808,5.172999999999999,-0.73,7.5507758,-7.035,Down
994,2009,-7.035,-4.54,-6.867999999999999,-4.808,5.172999999999999,7.592844,10.707,Up
995,2009,10.707,-7.035,-4.54,-6.867999999999999,-4.808,7.4594358,1.585,Up
996,2009,1.585,10.707,-7.035,-4.54,-6.867999999999999,7.963276,6.167999999999999,Up
997,2009,6.167999999999999,1.585,10.707,-7.035,-4.54,6.952819900000001,3.255,Up
998,2009,3.255,6.167999999999999,1.585,10.707,-7.035,6.2868699,1.669,Up
999,2009,1.669,3.255,6.167999999999999,1.585,10.707,6.226187599999999,1.5219999999999998,Up
1000,2009,1.5219999999999998,1.669,3.255,6.167999999999999,1.585,6.8393019,-0.3879999999999999,Down
1001,2009,-0.3879999999999999,1.5219999999999998,1.669,3.255,6.167999999999999,7.083169900000001,1.3030000000000002,Up
1002,2009,1.3030000000000002,-0.3879999999999999,1.5219999999999998,1.669,3.255,6.043558,5.893,Up
1003,2009,5.893,1.3030000000000002,-0.3879999999999999,1.5219999999999998,1.669,7.952024000000001,-4.988,Down
1004,2009,-4.988,5.893,1.3030000000000002,-0.3879999999999999,1.5219999999999998,6.337752,0.467,Up
1005,2009,0.467,-4.988,5.893,1.3030000000000002,-0.3879999999999999,6.339728,3.623,Up
1006,2009,3.623,0.467,-4.988,5.893,1.3030000000000002,5.7888125,2.279,Up
1007,2009,2.279,3.623,0.467,-4.988,5.893,5.66247,0.6509999999999999,Up
1008,2009,0.6509999999999999,2.279,3.623,0.467,-4.988,4.866352,-2.64,Down
1009,2009,-2.64,0.6509999999999999,2.279,3.623,0.467,5.114026,-0.253,Down
1010,2009,-0.253,-2.64,0.6509999999999999,2.279,3.623,5.119916,-2.446,Down
1011,2009,-2.446,-0.253,-2.64,0.6509999999999999,2.279,4.172432499999999,-1.929,Down
1012,2009,-1.929,-2.446,-0.253,-2.64,0.6509999999999999,4.673382,6.9670000000000005,Up
1013,2009,6.9670000000000005,-1.929,-2.446,-0.253,-2.64,4.785464,4.134,Up
1014,2009,4.134,6.9670000000000005,-1.929,-2.446,-0.253,5.0033,0.8390000000000001,Up
1015,2009,0.8390000000000001,4.134,6.9670000000000005,-1.929,-2.446,5.294932,2.329,Up
1016,2009,2.329,0.8390000000000001,4.134,6.9670000000000005,-1.929,6.4279459,-0.632,Down
1017,2009,-0.632,2.329,0.8390000000000001,4.134,6.9670000000000005,5.373764,2.195,Up
1018,2009,2.195,-0.632,2.329,0.8390000000000001,4.134,4.66465,0.273,Up
1019,2009,0.273,2.195,-0.632,2.329,0.8390000000000001,5.744582,-1.218,Down
1020,2009,-1.218,0.273,2.195,-0.632,2.329,5.28626,2.591,Up
1021,2009,2.591,-1.218,0.273,2.195,-0.632,5.1379225,2.452,Up
1022,2009,2.452,2.591,-1.218,0.273,2.195,6.0469679,-2.239,Down
1023,2009,-2.239,2.452,2.591,-1.218,0.273,5.081302,-1.836,Down
1024,2009,-1.836,-2.239,2.452,2.591,-1.218,5.2100800000000005,4.513999999999999,Up
1025,2009,4.513999999999999,-1.836,-2.239,2.452,2.591,4.46671,1.511,Up
1026,2009,1.511,4.513999999999999,-1.836,-2.239,2.452,4.74037,-0.743,Down
1027,2009,-0.743,1.511,4.513999999999999,-1.836,-2.239,5.118466000000001,-4.021,Down
1028,2009,-4.021,-0.743,1.511,4.513999999999999,-1.836,6.081714,3.195,Up
1029,2009,3.195,-4.021,-0.743,1.511,4.513999999999999,5.2902260000000005,2.261,Up
1030,2009,2.261,3.195,-4.021,-0.743,1.511,4.218872,-0.192,Down
1031,2009,-0.192,2.261,3.195,-4.021,-0.743,4.122504,0.01,Up
1032,2009,0.01,-0.192,2.261,3.195,-4.021,3.232,1.328,Up
1033,2009,1.328,0.01,-0.192,2.261,3.195,4.535468,0.039,Up
1034,2009,0.039,1.328,0.01,-0.192,2.261,4.150876,-0.356,Down
1035,2009,-0.356,0.039,1.328,0.01,-0.192,5.672874,2.178,Up
1036,2009,2.178,-0.356,0.039,1.328,0.01,3.0132625,-1.01,Down
1037,2010,-1.01,2.178,-0.356,0.039,1.328,2.3904275,2.68,Up
1038,2010,2.68,-1.01,2.178,-0.356,0.039,4.22307,-0.782,Down
1039,2010,-0.782,2.68,-1.01,2.178,-0.356,4.363246,-3.897,Down
1040,2010,-3.897,-0.782,2.68,-1.01,2.178,5.6545824,-1.639,Down
1041,2010,-1.639,-3.897,-0.782,2.68,-1.01,5.079534,-0.715,Down
1042,2010,-0.715,-1.639,-3.897,-0.782,2.68,5.082237999999999,0.8740000000000001,Up
1043,2010,0.8740000000000001,-0.715,-1.639,-3.897,-0.782,4.403416,3.13,Up
1044,2010,3.13,0.8740000000000001,-0.715,-1.639,-3.897,4.040725,-0.422,Down
1045,2010,-0.422,3.13,0.8740000000000001,-0.715,-1.639,4.194033999999999,3.097,Up
1046,2010,3.097,-0.422,3.13,0.8740000000000001,-0.715,4.002330000000001,0.991,Up
1047,2010,0.991,3.097,-0.422,3.13,0.8740000000000001,4.805318,0.862,Up
1048,2010,0.862,0.991,3.097,-0.422,3.13,4.5888,0.5770000000000001,Up
1049,2010,0.5770000000000001,0.862,0.991,3.097,-0.422,4.751278,0.987,Up
1050,2010,0.987,0.5770000000000001,0.862,0.991,3.097,4.2379475,1.381,Up
1051,2010,1.381,0.987,0.5770000000000001,0.862,0.991,4.4615540000000005,-0.188,Down
1052,2010,-0.188,1.381,0.987,0.5770000000000001,0.862,5.974901999999999,2.11,Up
1053,2010,2.11,-0.188,1.381,0.987,0.5770000000000001,5.800096,-2.513,Down
1054,2010,-2.513,2.11,-0.188,1.381,0.987,6.310455999999999,-6.388,Down
1055,2010,-6.388,-2.513,2.11,-0.188,1.381,7.683886,2.232,Up
1056,2010,2.232,-6.388,-2.513,2.11,-0.188,5.79175,-4.226,Down
1057,2010,-4.226,2.232,-6.388,-2.513,2.11,6.5280519,0.158,Up
1058,2010,0.158,-4.226,2.232,-6.388,-2.513,5.528868,-2.252,Down
1059,2010,-2.252,0.158,-4.226,2.232,-6.388,5.3685975,2.509,Up
1060,2010,2.509,-2.252,0.158,-4.226,2.232,5.369514,2.374,Up
1061,2010,2.374,2.509,-2.252,0.158,-4.226,4.637208,-3.646,Down
1062,2010,-3.646,2.374,2.509,-2.252,0.158,4.699712,-5.032,Down
1063,2010,-5.032,-3.646,2.374,2.509,-2.252,5.100892,5.416,Up
1064,2010,5.416,-5.032,-3.646,2.374,2.509,4.4193725,-1.213,Down
1065,2010,-1.213,5.416,-5.032,-3.646,2.374,4.487664,3.548,Up
1066,2010,3.548,-1.213,5.416,-5.032,-3.646,4.580286,-0.096,Down
1067,2010,-0.096,3.548,-1.213,5.416,-5.032,4.271319999999999,1.819,Up
1068,2010,1.819,-0.096,3.548,-1.213,5.416,3.96346,-3.779,Down
1069,2010,-3.779,1.819,-0.096,3.548,-1.213,3.906558,-0.7,Down
1070,2010,-0.7,-3.779,1.819,-0.096,3.548,3.777406,-0.6629999999999999,Down
1071,2010,-0.6629999999999999,-0.7,-3.779,1.819,-0.096,3.951328,3.75,Up
1072,2010,3.75,-0.6629999999999999,-0.7,-3.779,1.819,3.71847,0.456,Up
1073,2010,0.456,3.75,-0.6629999999999999,-0.7,-3.779,3.1952375,1.446,Up
1074,2010,1.446,0.456,3.75,-0.6629999999999999,-0.7,3.972432,2.05,Up
1075,2010,2.05,1.446,0.456,3.75,-0.6629999999999999,3.884522,-0.212,Down
1076,2010,-0.212,2.05,1.446,0.456,3.75,4.03741,1.65,Up
1077,2010,1.65,-0.212,2.05,1.446,0.456,3.905616,0.948,Up
1078,2010,0.948,1.65,-0.212,2.05,1.446,4.44916,0.586,Up
1079,2010,0.586,0.948,1.65,-0.212,2.05,4.576282,0.015,Up
1080,2010,0.015,0.586,0.948,1.65,-0.212,4.116414,3.599,Up
1081,2010,3.599,0.015,0.586,0.948,1.65,4.798758,-2.173,Down
1082,2010,-2.173,3.599,0.015,0.586,0.948,4.298262,0.043,Up
1083,2010,0.043,-2.173,3.599,0.015,0.586,4.177436,-0.861,Down
1084,2010,-0.861,0.043,-2.173,3.599,0.015,3.20516,2.969,Up
1085,2010,2.969,-0.861,0.043,-2.173,3.599,4.242568,1.281,Up
1086,2010,1.281,2.969,-0.861,0.043,-2.173,4.835082,0.283,Up
1087,2010,0.283,1.281,2.969,-0.861,0.043,4.454044000000001,1.034,Up
1088,2010,1.034,0.283,1.281,2.969,-0.861,2.707105,0.069,Up
